grouping,terminal,service,name,lloyds_id,vsl_operator,status,vessel_id,in_voyage,out_voyage,eta_date,eta_time,ata_date,ata_time,etd_date,etd_time,atd_date,atd_time,berth,vessel_class,dry_brd_date,dry_brd_time,reefer_brd_date,reefer_brd_time,reefer_cutoff_date,reefer_cutoff_time,cargo_cutoff_date,cargo_cutoff_time,haz_cutoff_date,haz_cutoff_time,at_anchor_date,at_anchor_time,is_locked,is_checked_in,lines[0].lname,lines[0].dry_brd_date,lines[0].dry_brd_time,lines[0].reefer_brd_date,lines[0].reefer_brd_time,lines[0].reefer_cutoff_date,lines[0].reefer_cutoff_time,lines[0].cargo_cutoff_date,lines[0].cargo_cutoff_time,lines[0].haz_cutoff_date,lines[0].haz_cutoff_time,lines[1].lname,lines[1].dry_brd_date,lines[1].dry_brd_time,lines[1].reefer_brd_date,lines[1].reefer_brd_time,lines[1].reefer_cutoff_date,lines[1].reefer_cutoff_time,lines[1].cargo_cutoff_date,lines[1].cargo_cutoff_time,lines[1].haz_cutoff_date,lines[1].haz_cutoff_time,lines[2].lname,lines[2].dry_brd_date,lines[2].dry_brd_time,lines[2].reefer_brd_date,lines[2].reefer_brd_time,lines[2].reefer_cutoff_date,lines[2].reefer_cutoff_time,lines[2].cargo_cutoff_date,lines[2].cargo_cutoff_time,lines[2].haz_cutoff_date,lines[2].haz_cutoff_time,lines[3].lname,lines[3].dry_brd_date,lines[3].dry_brd_time,lines[3].reefer_brd_date,lines[3].reefer_brd_time,lines[3].reefer_cutoff_date,lines[3].reefer_cutoff_time,lines[3].cargo_cutoff_date,lines[3].cargo_cutoff_time,lines[3].haz_cutoff_date,lines[3].haz_cutoff_time,lines[4].lname,lines[4].dry_brd_date,lines[4].dry_brd_time,lines[4].reefer_brd_date,lines[4].reefer_brd_time,lines[4].reefer_cutoff_date,lines[4].reefer_cutoff_time,lines[4].cargo_cutoff_date,lines[4].cargo_cutoff_time,lines[4].haz_cutoff_date,lines[4].haz_cutoff_time
Vessels at Dock,GCT,GTP11US1,MAERSK SHAMS,9726669,MAERSK,COMPLETE,MKHM,627E,633W, 08/17/26,13:00, 08/17/26,11:35, 08/18/26,20:00, 08/19/26,02:25,CB06,B - CB06, 08/10/26,17:01, 08/10/26,17:01, 08/15/26,16:00, 08/15/26,16:00, 08/15/26,16:00, 08/17/26,04:40,Yes,Y,HAPAG LLOYD, 08/10/26,17:01, 08/10/26,17:01, 08/15/26,16:00, 08/15/26,16:00, 08/15/26,16:00,MAERSK LINE LIMITED, 08/10/26,17:01, 08/10/26,17:01, 08/15/26,16:00, 08/15/26,16:00, 08/15/26,16:00,MAERSK, 08/10/26,17:01, 08/10/26,17:01, 08/15/26,16:00, 08/15/26,16:00, 08/15/26,16:00,,,,,,,,,,,,,,,,,,,,,,
Vessels at Dock,GCT,OAAUE,EVER MAGI,9935222,EVERGREEN SHIPPING AGENCY,COMPLETE,EVMG,013E,013W, 08/17/26,13:00, 08/17/26,11:25, 08/19/26,01:30, 08/19/26,02:55,CB01,D - CB01, 08/09/26,17:01, 08/09/26,17:01, 08/15/26,16:00, 08/15/26,16:00, 08/15/26,16:00, 08/16/26,21:41,Yes,Y,CMA CGM, 08/09/26,17:01, 08/09/26,17:01, 08/15/26,16:00, 08/15/26,16:00, 08/15/26,16:00,COSCO, 08/09/26,17:01, 08/09/26,17:01, 08/15/26,16:00, 08/15/26,16:00, 08/15/26,16:00,EVERGREEN SHIPPING AGENCY, 08/09/26,17:01, 08/09/26,17:01, 08/15/26,16:00, 08/15/26,16:00, 08/15/26,16:00,,,,,,,,,,,,,,,,,,,,,,
Vessels at Dock,GCT,MZCP,ZIM AMBER,9967952,ZIM,WORKING,ZABR,14W,14W, 08/18/26,07:00, 08/18/26,01:20, 08/19/26,19:00,,,CB08,C - CB08, 08/09/26,17:01, 08/09/26,17:01, 08/15/26,16:00, 08/15/26,16:00, 08/15/26,16:00, 08/17/26,17:10,Yes,Y,MSC, 08/09/26,17:01, 08/09/26,17:01, 08/15/26,16:00, 08/15/26,16:00, 08/15/26,16:00,ZIM, 08/09/26,17:01, 08/09/26,17:01, 08/15/26,16:00, 08/15/26,16:00, 08/15/26,16:00,,,,,,,,,,,,,,,,,,,,,,,,,,,,,,,,,
Vessels at Dock,GCT,MEAGLE,MSC CAPUCINE R,9210086,MSC,ARRIVED,MCCP,628A,FE633, 08/19/26,07:00, 08/18/26,22:30, 08/19/26,15:00,,,CB03,A - CB03, 08/10/26,17:01, 08/10/26,17:01, 08/15/26,16:00, 08/15/26,16:00, 08/15/26,16:00, 08/18/26,14:22,Yes,Y,MSC, 08/10/26,17:01, 08/10/26,17:01, 08/15/26,16:00, 08/15/26,16:00, 08/15/26,16:00,,,,,,,,,,,,,,,,,,,,,,,,,,,,,,,,,,,,,,,,,,,,
Vessels at Dock,GCT,INDAMEX,W KLAIPEDA,9211482,HAPAG LLOYD,ARRIVED,WKLA,6127,6227, 08/19/26,07:00, 08/19/26,02:15, 08/20/26,02:00,,,CB04,B - CB04, 08/07/26,17:01, 08/07/26,17:01, 08/13/26,16:00, 08/13/26,16:00, 08/13/26,16:00, 08/18/26,12:27,Yes,Y,HAPAG LLOYD, 08/07/26,17:01, 08/07/26,17:01, 08/13/26,16:00, 08/13/26,16:00, 08/13/26,16:00,,,,,,,,,,,,,,,,,,,,,,,,,,,,,,,,,,,,,,,,,,,,
Vessels at Dock,GCT,PEC3,ONE WREN,9784776,ONE - OCEAN NETWORK EXPRESS,ARRIVED,ONWR,030E,030W, 08/19/26,07:00, 08/19/26,01:55, 08/20/26,18:00,,,CB07,C - CB07, 08/10/26,17:01, 08/10/26,17:01, 08/15/26,16:00, 08/15/26,16:00, 08/15/26,16:00, 08/18/26,08:07,Yes,Y,,,,,,,,,,,,,,,,,,,,,,,,,,,,,,,,,,,,,,,,,,,,,,,,,,,,,,,
Vessel Class 2 Berth 6-9,GCT,MSCESA1,MSC BREMEN,9369734,MSC,INBOUND,MSBM,626R,UA630, 08/19/26,08:00,,, 08/20/26,02:00,,,CB06,B, C, 08/09/26,17:01, 08/09/26,17:01, 08/15/26,16:00, 08/15/26,16:00, 08/15/26,16:00, 08/18/26,21:33,Yes,Y,MSC, 08/09/26,17:01, 08/09/26,17:01, 08/15/26,16:00, 08/15/26,16:00, 08/15/26,16:00,,,,,,,,,,,,,,,,,,,,,,,,,,,,,,,,,,,,,,,,,,,,
Vessel Class 2 Berth 6-9,GCT,SMJS,SEABOARD GEMINI,9969625,SEABOARD MARINE LTD,INBOUND,SMGM,00060,00061, 08/19/26,08:00,,, 08/19/26,18:00,,,CB01,B, C, 08/11/26,17:01, 08/11/26,17:01, 08/18/26,16:45, 08/18/26,17:00, 08/18/26,17:00, 08/19/26,01:42,Yes,Y,SEABOARD MARINE LTD, 08/11/26,17:01, 08/12/26,17:01, 08/18/26,16:45, 08/18/26,17:00, 08/18/26,17:00,,,,,,,,,,,,,,,,,,,,,,,,,,,,,,,,,,,,,,,,,,,,
Vessel To Come,GCT,GTA12AL6,GSL CHRISTEN,9229324,MAERSK,INBOUND,GSLC,630W,633E, 08/19/26,19:00,,, 08/20/26,18:00,,,,A, B, C, 08/12/26,17:01, 08/12/26,17:01, 08/18/26,16:00, 08/18/26,16:00, 08/18/26,16:00,,,Yes,Y,HAPAG LLOYD, 08/12/26,17:01, 08/12/26,17:01, 08/18/26,16:00, 08/18/26,16:00, 08/18/26,16:00,MAERSK, 08/12/26,17:01, 08/12/26,17:01, 08/18/26,16:00, 08/18/26,16:00, 08/18/26,16:00,,,,,,,,,,,,,,,,,,,,,,,,,,,,,,,,,
Vessel Class 2 Berth 6-9,GCT,MEMERALD,ZIM MOUNT EVEREST,9931109,ZIM,INBOUND,ZMEV,14W,14W, 08/20/26,07:00,,, 08/22/26,06:00,,,CB08,C, 08/10/26,17:01, 08/10/26,17:01, 08/15/26,16:00, 08/15/26,16:00, 08/15/26,16:00, 08/18/26,09:24,Yes,Y,MSC, 08/10/26,17:01, 08/10/26,17:01, 08/15/26,16:00, 08/15/26,16:00, 08/15/26,16:00,ZIM, 08/10/26,17:01, 08/10/26,17:01, 08/15/26,16:00, 08/15/26,16:00, 08/15/26,16:00,,,,,,,,,,,,,,,,,,,,,,,,,,,,,,,,,
Vessel To Come,GCT,OAONEAT1,ONE SATISFACTION,1023035,ONE - OCEAN NETWORK EXPRESS,INBOUND,ONSA,004W,004E, 08/20/26,07:00,,, 08/21/26,06:00,,,,B, C, 08/11/26,17:01, 08/11/26,17:01, 08/17/26,16:00, 08/17/26,16:00, 08/17/26,16:00,,,Yes,Y,APL (APL LIMITED), 08/11/26,17:01, 08/11/26,17:01, 08/17/26,16:00, 08/17/26,16:00, 08/17/26,16:00,CMA CGM, 08/11/26,17:01, 08/11/26,17:01, 08/17/26,16:00, 08/17/26,16:00, 08/17/26,16:00,COSCO, 08/11/26,17:01, 08/11/26,17:01, 08/17/26,16:00, 08/17/26,16:00, 08/17/26,16:00,EVERGREEN SHIPPING AGENCY, 08/11/26,17:01, 08/11/26,17:01, 08/17/26,16:00, 08/17/26,16:00, 08/17/26,16:00,YANG MING, 08/11/26,17:01, 08/11/26,17:01, 08/17/26,16:00, 08/17/26,16:00, 08/17/26,16:00
Vessel To Come,GCT,GTEX,KOBE EXPRESS,9143544,HAPAG LLOYD,INBOUND,HLKB,629W,633E, 08/20/26,19:00,,, 08/21/26,12:00,,,,A, B, C, 08/12/26,17:01, 08/12/26,17:01, 08/18/26,16:00, 08/18/26,16:00, 08/18/26,16:00,,,Yes,Y,HAPAG LLOYD, 08/12/26,17:01, 08/12/26,17:01, 08/18/26,16:00, 08/18/26,16:00, 08/18/26,16:00,MAERSK, 08/12/26,17:01, 08/12/26,17:01, 08/18/26,16:00, 08/18/26,16:00, 08/18/26,16:00,ZIM, 08/12/26,17:01, 08/12/26,17:01, 08/18/26,16:00, 08/18/26,16:00, 08/18/26,16:00,,,,,,,,,,,,,,,,,,,,,,
Vessel To Come,GCT,MMEDGULF,ATETI,9222297,MSC,INBOUND,MCAE,G629,MG629, 08/20/26,19:00,,, 08/21/26,06:00,,,,B, C, 08/12/26,17:01, 08/12/26,17:01, 08/18/26,16:00, 08/18/26,16:00, 08/18/26,16:00,,,Yes,Y,MSC, 08/12/26,17:01, 08/12/26,17:01, 08/18/26,16:00, 08/18/26,16:00, 08/18/26,16:00,,,,,,,,,,,,,,,,,,,,,,,,,,,,,,,,,,,,,,,,,,,,
Vessel To Come,GCT,INDUS2,MSC SOFIA CELESTE,9702091,MSC,INBOUND,MCSC,628A,IV634, 08/20/26,19:00,,, 08/21/26,18:00,,,,B, C, 08/11/26,17:01, 08/11/26,17:01, 08/17/26,16:00, 08/17/26,16:00, 08/17/26,16:00,,,Yes,Y,MSC, 08/11/26,17:01, 08/11/26,17:01, 08/17/26,16:00, 08/17/26,16:00, 08/17/26,16:00,,,,,,,,,,,,,,,,,,,,,,,,,,,,,,,,,,,,,,,,,,,,
Vessel Class 2 Berth 6-9,GCT,PEC2,HMM AMETHYST,9944467,HMM AMERICA SHIPPING AGENCY, INC,INBOUND,HMAM,011E,011W, 08/21/26,07:00,,, 08/23/26,06:00,,,CB07,C, 08/12/26,17:01, 08/12/26,17:01, 08/18/26,16:00, 08/18/26,16:00, 08/18/26,16:00, 08/18/26,18:17,Yes,Y,HMM AMERICA SHIPPING AGENCY, INC, 08/12/26,17:01, 08/13/26,17:01, 08/18/26,16:00, 08/18/26,16:00, 08/18/26,16:00,YANG MING, 08/12/26,17:01, 08/12/26,17:01, 08/18/26,16:00, 08/18/26,16:00, 08/18/26,16:00,,,,,,,,,,,,,,,,,,,,,,,,,,,,,,,,,
Vessel To Come,GCT,MUSWASA,MSC ORNELLA,9281267,MSC,INBOUND,MSOR,UF626,UF630, 08/21/26,19:00,,, 08/22/26,06:00,,,,A, B, C, 08/11/26,17:01, 08/11/26,17:01, 08/17/26,16:00, 08/17/26,16:00, 08/17/26,16:00,,,Yes,Y,MSC, 08/11/26,17:01, 08/11/26,17:01, 08/17/26,16:00, 08/17/26,16:00, 08/17/26,16:00,,,,,,,,,,,,,,,,,,,,,,,,,,,,,,,,,,,,,,,,,,,,
Vessel To Come,GCT,OALP1,COSCO SHIPPING LOTUS,9785811,COSCO,INBOUND,COLT,033E,033W, 08/21/26,19:00,,, 08/23/26,06:00,,,,B, C, 08/11/26,17:01, 08/11/26,17:01, 08/17/26,16:00, 08/17/26,16:00, 08/17/26,16:00,,,Yes,Y,CMA CGM, 08/11/26,17:01, 08/11/26,17:01, 08/17/26,16:00, 08/17/26,16:00, 08/17/26,16:00,COSCO, 08/11/26,17:01, 08/11/26,17:01, 08/17/26,16:00, 08/17/26,16:00, 08/17/26,16:00,EVERGREEN SHIPPING AGENCY, 08/11/26,17:01, 08/11/26,17:01, 08/17/26,16:00, 08/17/26,16:00, 08/17/26,16:00,,,,,,,,,,,,,,,,,,,,,,
Vessel To Come,GCT,CBX,CMA CGM MEXICO,9839911,CMA CGM,INBOUND,CCMX,XRBFE,XRBGW, 08/21/26,19:00,,, 08/23/26,06:00,,,,B, C, 08/13/26,17:01, 08/13/26,17:01, 08/19/26,16:00, 08/19/26,16:00, 08/19/26,16:00,,,Yes,Y,CMA CGM, 08/13/26,17:01, 08/13/26,17:01, 08/19/26,16:00, 08/19/26,16:00, 08/19/26,16:00,COSCO, 08/13/26,17:01, 08/13/26,17:01, 08/19/26,16:00, 08/19/26,16:00, 08/19/26,16:00,EVERGREEN SHIPPING AGENCY, 08/13/26,17:01, 08/13/26,17:01, 08/19/26,16:00, 08/19/26,16:00, 08/19/26,16:00,,,,,,,,,,,,,,,,,,,,,,
Vessel To Come,GCT,MMXGULF,MSC MARINA,9275971,MSC,INBOUND,MSAR,H632,NH632, 08/22/26,07:00,,, 08/22/26,23:59,,,,A, B, C, 08/14/26,17:01, 08/14/26,17:01, 08/20/26,16:00, 08/20/26,16:00, 08/20/26,16:00,,,Yes,Y,MSC, 08/14/26,17:01, 08/14/26,17:01, 08/20/26,16:00, 08/20/26,16:00, 08/20/26,16:00,,,,,,,,,,,,,,,,,,,,,,,,,,,,,,,,,,,,,,,,,,,,
Vessel To Come,GCT,WIN,ONE MAGNIFICENCE,9424900,ONE - OCEAN NETWORK EXPRESS,INBOUND,ONMG,0085E,0085W, 08/22/26,07:00,,, 08/23/26,06:00,,,,B, C, 08/13/26,17:01, 08/13/26,17:01, 08/19/26,16:00, 08/19/26,16:00, 08/19/26,16:00,,,Yes,Y,COSCO, 08/13/26,17:01, 08/13/26,17:01, 08/19/26,16:00, 08/19/26,16:00, 08/19/26,16:00,HMM AMERICA SHIPPING AGENCY, INC, 08/13/26,17:01, 08/14/26,17:01, 08/19/26,16:00, 08/19/26,16:00, 08/19/26,16:00,,,,,,,,,,,,,,,,,,,,,,,,,,,,,,,,,
Vessel To Come,GCT,MSCESA1,MSC ODESSA V,9456965,MSC,INBOUND,MCOD,627R,UA631, 08/22/26,13:00,,, 08/23/26,06:00,,,,A, B, C, 08/15/26,17:01, 08/15/26,17:01, 08/21/26,16:00, 08/21/26,16:00, 08/21/26,16:00,,,Yes,Y,MSC, 08/15/26,17:01, 08/15/26,17:01, 08/21/26,16:00, 08/21/26,16:00, 08/21/26,16:00,,,,,,,,,,,,,,,,,,,,,,,,,,,,,,,,,,,,,,,,,,,,
Vessel To Come,GCT,MEMERALD,ZIM MOUNT VINSON,9932531,ZIM,INBOUND,ZMTV,11W,11W, 08/22/26,19:00,,, 08/24/26,06:00,,,,C, 08/13/26,17:01, 08/13/26,17:01, 08/19/26,16:00, 08/19/26,16:00, 08/19/26,16:00,,,Yes,Y,MSC, 08/13/26,17:01, 08/13/26,17:01, 08/19/26,16:00, 08/19/26,16:00, 08/19/26,16:00,ZIM, 08/13/26,17:01, 08/13/26,17:01, 08/19/26,16:00, 08/19/26,16:00, 08/19/26,16:00,,,,,,,,,,,,,,,,,,,,,,,,,,,,,,,,,
Vessel To Come,GCT,EMA,X-PRESS ANTLIA,9875381,COSCO,INBOUND,COXP,018W,018E, 08/23/26,08:00,,, 08/23/26,23:59,,,,A, B, C, 08/15/26,17:01, 08/15/26,17:01, 08/21/26,16:00, 08/21/26,16:00, 08/21/26,16:00,,,Yes,,CMA CGM, 08/15/26,17:01, 08/15/26,17:01, 08/21/26,16:00, 08/21/26,16:00, 08/21/26,16:00,COSCO, 08/15/26,17:01, 08/15/26,17:01, 08/21/26,16:00, 08/21/26,16:00, 08/21/26,16:00,,,,,,,,,,,,,,,,,,,,,,,,,,,,,,,,,
Vessel To Come,GCT,INDAMEX,TIRUA,9612882,HAPAG LLOYD,INBOUND,HLTU,6128,6228, 08/23/26,13:00,,, 08/24/26,18:00,,,,B, C, 08/15/26,17:01, 08/15/26,17:01, 08/21/26,16:00, 08/21/26,16:00, 08/21/26,16:00,,,Yes,Y,HAPAG LLOYD, 08/15/26,17:01, 08/15/26,17:01, 08/21/26,16:00, 08/21/26,16:00, 08/21/26,16:00,,,,,,,,,,,,,,,,,,,,,,,,,,,,,,,,,,,,,,,,,,,,
Vessel To Come,GCT,MECU,MSC NAMIBIA,9974553,MSC,INBOUND,MCNB,N631,NN631, 08/23/26,13:00,,, 08/24/26,06:00,,,,A, B, C, 08/16/26,17:01, 08/16/26,17:01, 08/22/26,16:00, 08/22/26,16:00, 08/22/26,16:00,,,Yes,,MSC, 08/16/26,17:01, 08/16/26,17:01, 08/22/26,16:00, 08/22/26,16:00, 08/22/26,16:00,,,,,,,,,,,,,,,,,,,,,,,,,,,,,,,,,,,,,,,,,,,,
Vessel To Come,GCT,AA7,WAN HAI A15,9941154,WAN HAI LINES (USA) LTD.,INBOUND,WA15,E009,W009, 08/23/26,19:00,,, 08/24/26,18:00,,,,B, C, 08/16/26,17:01, 08/16/26,17:01, 08/22/26,16:00, 08/22/26,16:00, 08/22/26,16:00,,,Yes,Y,HAPAG LLOYD, 08/16/26,17:01, 08/16/26,17:01, 08/22/26,16:00, 08/22/26,16:00, 08/22/26,16:00,WAN HAI LINES (USA) LTD., 08/16/26,17:01, 08/16/26,17:01, 08/22/26,16:00, 08/22/26,16:00, 08/22/26,16:00,,,,,,,,,,,,,,,,,,,,,,,,,,,,,,,,,
Vessel To Come,GCT,OALP2,OOCL KAPOK,9949792,OOCL-ORIENT OVERSEAS CONTAINER LINE LTD.,INBOUND,OLPK,004E,004W, 08/23/26,19:00,,, 08/25/26,06:00,,,,C, 08/15/26,17:01, 08/15/26,17:01, 08/21/26,16:00, 08/21/26,16:00, 08/21/26,16:00,,,Yes,Y,CMA CGM, 08/15/26,17:01, 08/15/26,17:01, 08/21/26,16:00, 08/21/26,16:00, 08/21/26,16:00,COSCO, 08/15/26,17:01, 08/15/26,17:01, 08/21/26,16:00, 08/21/26,16:00, 08/21/26,16:00,EVERGREEN SHIPPING AGENCY, 08/15/26,17:01, 08/15/26,17:01, 08/21/26,16:00, 08/21/26,16:00, 08/21/26,16:00,,,,,,,,,,,,,,,,,,,,,,
Vessel To Come,GCT,TA1AL6,CMA CGM ENDURANCE,9951549,CMA CGM,INBOUND,CMEN,MRLVW,MRLWE, 08/23/26,19:00,,, 08/24/26,18:00,,,,B, C, 08/15/26,17:01, 08/15/26,17:01, 08/21/26,16:00, 08/21/26,16:00, 08/21/26,16:00,,,Yes,,APL (APL LIMITED), 08/15/26,17:01, 08/15/26,17:01, 08/21/26,16:00, 08/21/26,16:00, 08/21/26,16:00,CMA CGM, 08/15/26,17:01, 08/15/26,17:01, 08/21/26,16:00, 08/21/26,16:00, 08/21/26,16:00,COSCO, 08/15/26,17:01, 08/15/26,17:01, 08/21/26,16:00, 08/21/26,16:00, 08/21/26,16:00,YANG MING, 08/15/26,17:01, 08/15/26,17:01, 08/21/26,16:00, 08/21/26,16:00, 08/21/26,16:00,,,,,,,,,,,
Vessel To Come,GCT,GTA2AL3,SUAPE EXPRESS,9332858,HAPAG LLOYD,INBOUND,HLRS,631W,634E, 08/24/26,07:00,,, 08/25/26,06:00,,,,A, B, C, 08/16/26,17:01, 08/16/26,17:01, 08/22/26,16:00, 08/22/26,16:00, 08/22/26,16:00,,,Yes,Y,HAPAG LLOYD, 08/16/26,17:01, 08/16/26,17:01, 08/22/26,16:00, 08/22/26,16:00, 08/22/26,16:00,MAERSK, 08/16/26,17:01, 08/16/26,17:01, 08/22/26,16:00, 08/22/26,16:00, 08/22/26,16:00,,,,,,,,,,,,,,,,,,,,,,,,,,,,,,,,,
Vessel To Come,GCT,MEAGLE,ETOILE,9301469,MSC,INBOUND,CCLE,633A,PH634, 08/24/26,13:00,,, 08/25/26,00:00,,,,A, B, C, 08/16/26,17:01, 08/16/26,17:01, 08/22/26,16:00, 08/22/26,16:00, 08/22/26,16:00,,,Yes,,MSC, 08/16/26,17:01, 08/16/26,17:01, 08/22/26,16:00, 08/22/26,16:00, 08/22/26,16:00,,,,,,,,,,,,,,,,,,,,,,,,,,,,,,,,,,,,,,,,,,,,
Vessel To Come,GCT,PEC3,HMM GARNET,9944455,HMM AMERICA SHIPPING AGENCY, INC,INBOUND,HMGA,009E,009W, 08/24/26,19:00,,, 08/26/26,06:00,,,,C, 08/13/26,17:01, 08/13/26,17:01, 08/19/26,16:00, 08/19/26,16:00, 08/19/26,16:00,,,Yes,Y,HMM AMERICA SHIPPING AGENCY, INC, 08/13/26,17:01, 08/14/26,17:01, 08/19/26,16:00, 08/19/26,16:00, 08/19/26,16:00,YANG MING, 08/13/26,17:01, 08/13/26,17:01, 08/19/26,16:00, 08/19/26,16:00, 08/19/26,16:00,,,,,,,,,,,,,,,,,,,,,,,,,,,,,,,,,
Vessel To Come,GCT,INDAMEX2,CMA CGM GANGES,9718117,CMA CGM,INBOUND,CMGA,INN1W,INN2E, 08/25/26,07:00,,, 08/26/26,18:00,,,,B, C, 08/17/26,17:01, 08/17/26,17:01, 08/22/26,16:00, 08/22/26,16:00, 08/22/26,16:00,,,Yes,,APL (APL LIMITED), 08/17/26,17:01, 08/17/26,17:01, 08/22/26,16:00, 08/22/26,16:00, 08/22/26,16:00,CMA CGM, 08/17/26,17:01, 08/17/26,17:01, 08/22/26,16:00, 08/22/26,16:00, 08/22/26,16:00,COSCO, 08/17/26,17:01, 08/17/26,17:01, 08/22/26,16:00, 08/22/26,16:00, 08/22/26,16:00,,,,,,,,,,,,,,,,,,,,,,
Vessel To Come,GCT,OAAUE,EVER MAGNA,9935399,EVERGREEN SHIPPING AGENCY,INBOUND,EGMG,005E,005E, 08/25/26,07:00,,, 08/26/26,18:00,,,,B, C, 08/16/26,17:01, 08/16/26,17:01, 08/22/26,16:00, 08/22/26,16:00, 08/22/26,16:00,,,Yes,,CMA CGM, 08/16/26,17:01, 08/16/26,17:01, 08/22/26,16:00, 08/22/26,16:00, 08/22/26,16:00,COSCO, 08/16/26,17:01, 08/16/26,17:01, 08/22/26,16:00, 08/22/26,16:00, 08/22/26,16:00,EVERGREEN SHIPPING AGENCY, 08/16/26,17:01, 08/16/26,17:01, 08/22/26,16:00, 08/22/26,16:00, 08/22/26,16:00,,,,,,,,,,,,,,,,,,,,,,
Vessel To Come,GCT,EMUSA,MSC MOMBASA,9967275,MSC,INBOUND,MCMO,628A,MZ633, 08/25/26,07:00,,, 08/25/26,23:59,,,,A, B, C, 08/17/26,17:01, 08/17/26,17:01, 08/22/26,16:00, 08/22/26,16:00, 08/22/26,16:00,,,Yes,,MSC, 08/17/26,17:01, 08/17/26,17:01, 08/22/26,16:00, 08/22/26,16:00, 08/22/26,16:00,,,,,,,,,,,,,,,,,,,,,,,,,,,,,,,,,,,,,,,,,,,,
Vessel To Come,GCT,AA7,WAN HAI A18,9968530,WAN HAI LINES (USA) LTD.,INBOUND,WA18,E006,W006, 08/25/26,07:00,,, 08/26/26,06:00,,,,B, C, 08/16/26,17:01, 08/16/26,17:01, 08/22/26,16:00, 08/22/26,16:00, 08/22/26,16:00,,,Yes,,HAPAG LLOYD, 08/16/26,17:01, 08/16/26,17:01, 08/22/26,16:00, 08/22/26,16:00, 08/22/26,16:00,WAN HAI LINES (USA) LTD., 08/16/26,17:01, 08/16/26,17:01, 08/22/26,16:00, 08/22/26,16:00, 08/22/26,16:00,,,,,,,,,,,,,,,,,,,,,,,,,,,,,,,,,
Vessel To Come,GCT,MUSWASA,MSC ANYA V,9297864,MSC,INBOUND,EVSP,630R,UF634, 08/25/26,13:00,,, 08/26/26,00:00,,,,A, B, C, 08/17/26,17:01, 08/17/26,17:01, 08/22/26,16:00, 08/22/26,16:00, 08/22/26,16:00,,,Yes,,MSC, 08/17/26,17:01, 08/17/26,17:01, 08/22/26,16:00, 08/22/26,16:00, 08/22/26,16:00,,,,,,,,,,,,,,,,,,,,,,,,,,,,,,,,,,,,,,,,,,,,
Vessel To Come,GCT,GTP16US4,MADRID EXPRESS,9447847,HAPAG LLOYD,INBOUND,HLMX,626E,633W, 08/25/26,13:00,,, 08/27/26,00:00,,,,C, 08/17/26,17:01, 08/17/26,17:01, 08/22/26,16:00, 08/22/26,16:00, 08/22/26,16:00,,,Yes,Y,HAPAG LLOYD, 08/17/26,17:01, 08/17/26,17:01, 08/22/26,16:00, 08/22/26,16:00, 08/22/26,16:00,MAERSK LINE LIMITED, 08/17/26,17:01, 08/17/26,17:01, 08/22/26,16:00, 08/22/26,16:00, 08/22/26,16:00,MAERSK, 08/17/26,17:01, 08/17/26,17:01, 08/22/26,16:00, 08/22/26,16:00, 08/22/26,16:00,,,,,,,,,,,,,,,,,,,,,,
Vessel To Come,GCT,RTWSB,MIEKE SCHULTE,9694426,CMA CGM,INBOUND,HLRV,RPMOS,RPMOS, 08/26/26,07:00,,, 08/26/26,23:59,,,,A, B, C, 08/18/26,17:01, 08/18/26,17:01, 08/24/26,16:00, 08/24/26,16:00, 08/24/26,16:00,,,Yes,,CMA CGM, 08/18/26,17:01, 08/19/26,17:01, 08/24/26,16:00, 08/24/26,16:00, 08/24/26,16:00,,,,,,,,,,,,,,,,,,,,,,,,,,,,,,,,,,,,,,,,,,,,
Vessel To Come,GCT,SMJS,SEABOARD GLOBE,9970947,SEABOARD MARINE LTD,INBOUND,SMGL,00085,00086, 08/26/26,08:00,,, 08/26/26,18:00,,,,A, B, C, 08/18/26,17:01, 08/18/26,17:01, 08/25/26,16:45, 08/25/26,17:00, 08/25/26,17:00,,,Yes,,SEABOARD MARINE LTD, 08/18/26,17:01, 08/19/26,17:01, 08/25/26,16:45, 08/25/26,17:00, 08/25/26,17:00,,,,,,,,,,,,,,,,,,,,,,,,,,,,,,,,,,,,,,,,,,,,
Vessel To Come,GCT,GTP11US1,MAERSK TAIKUNG,9334662,MAERSK,INBOUND,MKTK,628E,634W, 08/26/26,13:00,,, 08/28/26,00:00,,,,B, C, 08/18/26,17:01, 08/18/26,17:01, 08/24/26,16:00, 08/24/26,16:00, 08/24/26,16:00,,,Yes,,HAPAG LLOYD, 08/18/26,17:01, 08/18/26,17:01, 08/24/26,16:00, 08/24/26,16:00, 08/24/26,16:00,MAERSK LINE LIMITED, 08/18/26,17:01, 08/18/26,17:01, 08/24/26,16:00, 08/24/26,16:00, 08/24/26,16:00,MAERSK, 08/18/26,17:01, 08/18/26,17:01, 08/24/26,16:00, 08/24/26,16:00, 08/24/26,16:00,,,,,,,,,,,,,,,,,,,,,,
Vessel To Come,GCT,MZCP,ZIM ARIES,9963217,ZIM,INBOUND,ZARE,11W,11W, 08/26/26,13:00,,, 08/28/26,00:00,,,,C, 08/18/26,17:01, 08/18/26,17:01, 08/24/26,16:00, 08/24/26,16:00, 08/24/26,16:00,,,Yes,,MSC, 08/18/26,17:01, 08/18/26,17:01, 08/24/26,16:00, 08/24/26,16:00, 08/24/26,16:00,ZIM, 08/18/26,17:01, 08/18/26,17:01, 08/24/26,16:00, 08/24/26,16:00, 08/24/26,16:00,,,,,,,,,,,,,,,,,,,,,,,,,,,,,,,,,
Vessel To Come,GCT,PHILLYEXP,MSC NISHA V,9326768,MSC,INBOUND,HLCN,629A,FE634, 08/26/26,19:00,,, 08/27/26,06:00,,,,A, B, C, 08/18/26,17:01, 08/18/26,17:01, 08/24/26,16:00, 08/24/26,16:00, 08/24/26,16:00,,,Yes,,MSC, 08/18/26,17:01, 08/18/26,17:01, 08/24/26,16:00, 08/24/26,16:00, 08/24/26,16:00,,,,,,,,,,,,,,,,,,,,,,,,,,,,,,,,,,,,,,,,,,,,
Vessel To Come,GCT,INDUS2,MSC JASMINE X,9214903,MSC,INBOUND,MACA,629A,IV635, 08/27/26,07:00,,, 08/28/26,00:00,,,,B, C, 08/19/26,17:01, 08/19/26,17:01, 08/25/26,16:00, 08/25/26,16:00, 08/25/26,16:00,,,Tomorrow,,MSC, 08/19/26,17:01, 08/19/26,17:01, 08/25/26,16:00, 08/25/26,16:00, 08/25/26,16:00,,,,,,,,,,,,,,,,,,,,,,,,,,,,,,,,,,,,,,,,,,,,
Vessel To Come,GCT,MMEDGULF,MSC EVEREST VIII,9286231,MSC,INBOUND,MSTI,G630,MG630, 08/27/26,07:00,,, 08/27/26,23:59,,,,B, C, 08/19/26,17:01, 08/19/26,17:01, 08/25/26,16:00, 08/25/26,16:00, 08/25/26,16:00,,,Tomorrow,,,,,,,,,,,,,,,,,,,,,,,,,,,,,,,,,,,,,,,,,,,,,,,,,,,,,,,,
Vessel To Come,GCT,ZCA,JAMAICA,9403229,ZIM,INBOUND,ZLUA,126E,126E, 08/27/26,07:00,,, 08/28/26,00:00,,,,A, B, C, 08/19/26,17:01, 08/19/26,17:01, 08/25/26,16:00, 08/25/26,16:00, 08/25/26,16:00,,,Tomorrow,,HAPAG LLOYD, 08/19/26,17:01, 08/19/26,17:01, 08/25/26,16:00, 08/25/26,16:00, 08/25/26,16:00,ZIM, 08/19/26,17:01, 08/19/26,17:01, 08/25/26,16:00, 08/25/26,16:00, 08/25/26,16:00,,,,,,,,,,,,,,,,,,,,,,,,,,,,,,,,,
Vessel To Come,GCT,PEC2,ONE COLUMBA,9806055,ONE - OCEAN NETWORK EXPRESS,INBOUND,ONBA,527E,527W, 08/27/26,07:00,,, 08/28/26,18:00,,,,C, 08/19/26,17:01, 08/19/26,17:01, 08/25/26,16:00, 08/25/26,16:00, 08/25/26,16:00,,,Tomorrow,,HMM AMERICA SHIPPING AGENCY, INC, 08/19/26,17:01, 08/20/26,17:01, 08/25/26,16:00, 08/25/26,16:00, 08/25/26,16:00,YANG MING, 08/19/26,17:01, 08/19/26,17:01, 08/25/26,16:00, 08/25/26,16:00, 08/25/26,16:00,,,,,,,,,,,,,,,,,,,,,,,,,,,,,,,,,
Vessel To Come,GCT,MECL,MAERSK ATLANTA,9348649,MAERSK,INBOUND,MATL,629W,635E, 08/27/26,13:00,,, 08/28/26,06:00,,,,A, B, C, 08/14/26,17:01, 08/14/26,17:01, 08/20/26,16:00, 08/20/26,16:00, 08/20/26,16:00,,,Yes,,MAERSK, 08/14/26,17:01, 08/14/26,17:01, 08/20/26,16:00, 08/20/26,16:00, 08/20/26,16:00,,,,,,,,,,,,,,,,,,,,,,,,,,,,,,,,,,,,,,,,,,,,
Vessel To Come,GCT,GTA12AL6,GSL ELENI,9285677,MAERSK,INBOUND,MKEL,631W,634E, 08/28/26,07:00,,, 08/29/26,00:00,,,,A, B, C, 08/20/26,17:01, 08/20/26,17:01, 08/26/26,16:00, 08/26/26,16:00, 08/26/26,16:00,,,No,,HAPAG LLOYD, 08/20/26,17:01, 08/20/26,17:01, 08/26/26,16:00, 08/26/26,16:00, 08/26/26,16:00,MAERSK, 08/20/26,17:01, 08/20/26,17:01, 08/26/26,16:00, 08/26/26,16:00, 08/26/26,16:00,,,,,,,,,,,,,,,,,,,,,,,,,,,,,,,,,
Vessel To Come,GCT,OAONEAT1,SEASPAN HOPE,9472165,OOCL-ORIENT OVERSEAS CONTAINER LINE LTD.,INBOUND,COHP,077W,077E, 08/28/26,07:00,,, 08/29/26,06:00,,,,B, C, 08/20/26,17:01, 08/20/26,17:01, 08/26/26,16:00, 08/26/26,16:00, 08/26/26,16:00,,,No,,CMA CGM, 08/20/26,17:01, 08/20/26,17:01, 08/26/26,16:00, 08/26/26,16:00, 08/26/26,16:00,COSCO, 08/20/26,17:01, 08/20/26,17:01, 08/26/26,16:00, 08/26/26,16:00, 08/26/26,16:00,EVERGREEN SHIPPING AGENCY, 08/20/26,17:01, 08/20/26,17:01, 08/26/26,16:00, 08/26/26,16:00, 08/26/26,16:00,YANG MING, 08/20/26,17:01, 08/20/26,17:01, 08/26/26,16:00, 08/26/26,16:00, 08/26/26,16:00,,,,,,,,,,,
Vessel To Come,GCT,MMXGULF,MSC CLEA,9720524,MSC,INBOUND,MCSL,629A,NH633, 08/28/26,07:00,,, 08/29/26,00:00,,,,B, C, 08/20/26,17:01, 08/20/26,17:01, 08/26/26,16:00, 08/26/26,16:00, 08/26/26,16:00,,,No,,MSC, 08/20/26,17:01, 08/20/26,17:01, 08/26/26,16:00, 08/26/26,16:00, 08/26/26,16:00,,,,,,,,,,,,,,,,,,,,,,,,,,,,,,,,,,,,,,,,,,,,
Vessel To Come,GCT,CBX,CMA CGM ARGENTINA,9839909,CMA CGM,INBOUND,CCRG,XRBHE,XRBIW, 08/28/26,07:00,,, 08/29/26,18:00,,,,C, 08/20/26,17:01, 08/20/26,17:01, 08/26/26,16:00, 08/26/26,16:00, 08/26/26,16:00,,,No,,CMA CGM, 08/20/26,17:01, 08/20/26,17:01, 08/26/26,16:00, 08/26/26,16:00, 08/26/26,16:00,COSCO, 08/20/26,17:01, 08/20/26,17:01, 08/26/26,16:00, 08/26/26,16:00, 08/26/26,16:00,,,,,,,,,,,,,,,,,,,,,,,,,,,,,,,,,
Vessel To Come,GCT,OAAWE4,EVER FULL,9850903,EVERGREEN SHIPPING AGENCY,INBOUND,EVFL,020E,020W, 08/28/26,07:00,,, 08/29/26,18:00,,,,B, C, 08/20/26,17:01, 08/20/26,17:01, 08/26/26,16:00, 08/26/26,16:00, 08/26/26,16:00,,,No,,CMA CGM, 08/20/26,17:01, 08/20/26,17:01, 08/26/26,16:00, 08/26/26,16:00, 08/26/26,16:00,COSCO, 08/20/26,17:01, 08/20/26,17:01, 08/26/26,16:00, 08/26/26,16:00, 08/26/26,16:00,EVERGREEN SHIPPING AGENCY, 08/20/26,17:01, 08/20/26,17:01, 08/26/26,16:00, 08/26/26,16:00, 08/26/26,16:00,,,,,,,,,,,,,,,,,,,,,,
Vessel To Come,GCT,GTEX,MAERSK IDAHO,9193264,MAERSK,INBOUND,MAID,630W,630W, 08/28/26,13:00,,, 08/29/26,06:00,,,,A, B, C, 08/20/26,17:01, 08/20/26,17:01, 08/26/26,16:00, 08/26/26,16:00, 08/26/26,16:00,,,No,,HAPAG LLOYD, 08/20/26,17:01, 08/20/26,17:01, 08/26/26,16:00, 08/26/26,16:00, 08/26/26,16:00,MAERSK, 08/20/26,17:01, 08/20/26,17:01, 08/26/26,16:00, 08/26/26,16:00, 08/26/26,16:00,ZIM, 08/20/26,17:01, 08/20/26,17:01, 08/26/26,16:00, 08/26/26,16:00, 08/26/26,16:00,,,,,,,,,,,,,,,,,,,,,,
Vessel To Come,GCT,INDAMEX2,APL ANTWERP,9532795,CMA CGM,INBOUND,CCAW,INN3W,INN4E, 08/29/26,07:00,,, 08/30/26,18:00,,,,B, C, 08/21/26,17:01, 08/21/26,17:01, 08/27/26,16:00, 08/27/26,16:00, 08/27/26,16:00,,,No,,CMA CGM, 08/21/26,17:01, 08/21/26,17:01, 08/27/26,16:00, 08/27/26,16:00, 08/27/26,16:00,COSCO, 08/21/26,17:01, 08/21/26,17:01, 08/27/26,16:00, 08/27/26,16:00, 08/27/26,16:00,,,,,,,,,,,,,,,,,,,,,,,,,,,,,,,,,
Vessel To Come,GCT,TURKON,MELCHIOR SCHULTE,9676723,TURKON LINE,INBOUND,MKML,USD1W,USD2E, 08/29/26,07:00,,, 08/30/26,00:00,,,,A, B, C, 08/21/26,17:01, 08/21/26,17:01, 08/27/26,16:00, 08/27/26,16:00, 08/27/26,16:00,,,No,,ARKAS CONTAINER TRANSPORT S.A., 08/21/26,17:01, 08/21/26,17:01, 08/27/26,16:00, 08/27/26,16:00, 08/27/26,16:00,TURKON LINE, 08/21/26,17:01, 08/21/26,17:01, 08/27/26,16:00, 08/27/26,16:00, 08/27/26,16:00,,,,,,,,,,,,,,,,,,,,,,,,,,,,,,,,,
Vessel To Come,GCT,PEC3,ONE GRUS,9806067,ONE - OCEAN NETWORK EXPRESS,INBOUND,ONGR,031E,031W, 08/29/26,07:00,,, 08/30/26,18:00,,,,C, 08/21/26,17:01, 08/21/26,17:01, 08/27/26,16:00, 08/27/26,16:00, 08/27/26,16:00,,,No,,HMM AMERICA SHIPPING AGENCY, INC, 08/21/26,17:01, 08/22/26,17:01, 08/27/26,16:00, 08/27/26,16:00, 08/27/26,16:00,YANG MING, 08/21/26,17:01, 08/21/26,17:01, 08/27/26,16:00, 08/27/26,16:00, 08/27/26,16:00,,,,,,,,,,,,,,,,,,,,,,,,,,,,,,,,,
Vessel To Come,GCT,MECL,MAERSK HARTFORD,9333008,MAERSK,INBOUND,MAHR,630W,636E, 08/29/26,13:00,,, 08/30/26,06:00,,,,A, B, C, 08/21/26,17:01, 08/21/26,17:01, 08/27/26,16:00, 08/27/26,16:00, 08/27/26,16:00,,,No,,HAPAG LLOYD, 08/21/26,17:01, 08/21/26,17:01, 08/27/26,16:00, 08/27/26,16:00, 08/27/26,16:00,MAERSK LINE LIMITED, 08/21/26,17:01, 08/21/26,17:01, 08/27/26,16:00, 08/27/26,16:00, 08/27/26,16:00,MAERSK, 08/21/26,17:01, 08/21/26,17:01, 08/27/26,16:00, 08/27/26,16:00, 08/27/26,16:00,,,,,,,,,,,,,,,,,,,,,,
Vessel To Come,GCT,MSCESA1,MSC INIYA V,9313931,MSC,INBOUND,MABR,628R,UA632, 08/30/26,07:00,,, 08/30/26,23:59,,,,B, C, 08/22/26,17:01, 08/22/26,17:01, 08/28/26,16:00, 08/28/26,16:00, 08/28/26,16:00,,,No,,MSC, 08/22/26,17:01, 08/22/26,17:01, 08/28/26,16:00, 08/28/26,16:00, 08/28/26,16:00,,,,,,,,,,,,,,,,,,,,,,,,,,,,,,,,,,,,,,,,,,,,
Vessel To Come,GCT,ZCA,CARMEL I,9395927,ZIM,INBOUND,ZCRM,36E,36E, 08/30/26,07:00,,, 08/31/26,00:00,,,,A, B, C, 08/22/26,17:01, 08/22/26,17:01, 08/28/26,16:00, 08/28/26,16:00, 08/28/26,16:00,,,No,,HAPAG LLOYD, 08/22/26,17:01, 08/22/26,17:01, 08/28/26,16:00, 08/28/26,16:00, 08/28/26,16:00,ZIM, 08/22/26,17:01, 08/22/26,17:01, 08/28/26,16:00, 08/28/26,16:00, 08/28/26,16:00,,,,,,,,,,,,,,,,,,,,,,,,,,,,,,,,,
Vessel To Come,GCT,MEMERALD,ZIM MOUNT OLYMPUS,9932505,ZIM,INBOUND,ZMTO,11W,11W, 08/30/26,07:00,,, 08/31/26,18:00,,,,B, C, 08/22/26,17:01, 08/22/26,17:01, 08/28/26,16:00, 08/28/26,16:00, 08/28/26,16:00,,,No,,MSC, 08/22/26,17:01, 08/22/26,17:01, 08/28/26,16:00, 08/28/26,16:00, 08/28/26,16:00,ZIM, 08/22/26,17:01, 08/22/26,17:01, 08/28/26,16:00, 08/28/26,16:00, 08/28/26,16:00,,,,,,,,,,,,,,,,,,,,,,,,,,,,,,,,,
Vessel To Come,GCT,AA7,WAN HAI A13,9941142,WAN HAI LINES (USA) LTD.,INBOUND,WA13,E010,W010, 08/30/26,07:00,,, 08/31/26,06:00,,,,C, 08/22/26,17:01, 08/22/26,17:01, 08/28/26,16:00, 08/28/26,16:00, 08/28/26,16:00,,,No,,HAPAG LLOYD, 08/22/26,17:01, 08/22/26,17:01, 08/28/26,16:00, 08/28/26,16:00, 08/28/26,16:00,,,,,,,,,,,,,,,,,,,,,,,,,,,,,,,,,,,,,,,,,,,,
Vessel To Come,GCT,MECU,MSC GHANA,9974503,MSC,INBOUND,MCGH,N632,NN632, 08/30/26,13:00,,, 08/31/26,00:00,,,,A, B, C, 08/22/26,17:01, 08/22/26,17:01, 08/28/26,16:00, 08/28/26,16:00, 08/28/26,16:00,,,No,,MSC, 08/22/26,17:01, 08/22/26,17:01, 08/28/26,16:00, 08/28/26,16:00, 08/28/26,16:00,,,,,,,,,,,,,,,,,,,,,,,,,,,,,,,,,,,,,,,,,,,,
Vessel To Come,GCT,DRAGON,MSC YUKTA X,9146467,MSC,INBOUND,MASV,D630,FD630, 08/31/26,07:00,,, 09/01/26,00:00,,,,B, C, 08/23/26,17:01, 08/23/26,17:01, 08/29/26,16:00, 08/29/26,16:00, 08/29/26,16:00,,,No,,MSC, 08/23/26,17:01, 08/23/26,17:01, 08/29/26,16:00, 08/29/26,16:00, 08/29/26,16:00,,,,,,,,,,,,,,,,,,,,,,,,,,,,,,,,,,,,,,,,,,,,
Vessel To Come,GCT,GTA2AL3,KIEL EXPRESS,9229855,HAPAG LLOYD,INBOUND,HLBL,632W,635E, 08/31/26,07:00,,, 09/01/26,06:00,,,,A, B, C, 08/23/26,17:01, 08/23/26,17:01, 08/29/26,16:00, 08/29/26,16:00, 08/29/26,16:00,,,No,,HAPAG LLOYD, 08/23/26,17:01, 08/23/26,17:01, 08/29/26,16:00, 08/29/26,16:00, 08/29/26,16:00,MAERSK, 08/23/26,17:01, 08/23/26,17:01, 08/29/26,16:00, 08/29/26,16:00, 08/29/26,16:00,,,,,,,,,,,,,,,,,,,,,,,,,,,,,,,,,
Vessel To Come,GCT,EMUSA,MSC LUANDA VIII,9301471,MSC,INBOUND,MSVL,629A,MZ634, 08/31/26,07:00,,, 09/01/26,00:00,,,,B, C, 08/23/26,17:01, 08/23/26,17:01, 08/29/26,16:00, 08/29/26,16:00, 08/29/26,16:00,,,No,,MSC, 08/23/26,17:01, 08/23/26,17:01, 08/29/26,16:00, 08/29/26,16:00, 08/29/26,16:00,,,,,,,,,,,,,,,,,,,,,,,,,,,,,,,,,,,,,,,,,,,,
Vessel To Come,GCT,GTP11US1,MAERSK TAURUS,9334674,MAERSK,INBOUND,MARU,629E,635W, 08/31/26,07:00,,, 09/01/26,18:00,,,,C, 08/23/26,17:01, 08/23/26,17:01, 08/29/26,16:00, 08/29/26,16:00, 08/29/26,16:00,,,No,,HAPAG LLOYD, 08/23/26,17:01, 08/23/26,17:01, 08/29/26,16:00, 08/29/26,16:00, 08/29/26,16:00,MAERSK LINE LIMITED, 08/23/26,17:01, 08/23/26,17:01, 08/29/26,16:00, 08/29/26,16:00, 08/29/26,16:00,MAERSK, 08/23/26,17:01, 08/23/26,17:01, 08/29/26,16:00, 08/29/26,16:00, 08/29/26,16:00,,,,,,,,,,,,,,,,,,,,,,
Vessel To Come,GCT,EMA,BERNHARD SCHULTE,9484546,COSCO,INBOUND,COBS,273W,273E, 08/31/26,07:00,,, 09/01/26,00:00,,,,A, B, C, 08/23/26,17:01, 08/23/26,17:01, 08/29/26,16:00, 08/29/26,16:00, 08/29/26,16:00,,,No,,CMA CGM, 08/23/26,17:01, 08/23/26,17:01, 08/29/26,16:00, 08/29/26,16:00, 08/29/26,16:00,COSCO, 08/23/26,17:01, 08/23/26,17:01, 08/29/26,16:00, 08/29/26,16:00, 08/29/26,16:00,,,,,,,,,,,,,,,,,,,,,,,,,,,,,,,,,
Vessel To Come,GCT,MZCP,ZIM ALEXANDRITE,9968085,ZIM,INBOUND,ZALX,7W,7W, 08/31/26,13:00,,, 09/02/26,00:00,,,,C, 08/23/26,17:01, 08/23/26,17:01, 08/29/26,16:00, 08/29/26,16:00, 08/29/26,16:00,,,No,,MSC, 08/23/26,17:01, 08/23/26,17:01, 08/29/26,16:00, 08/29/26,16:00, 08/29/26,16:00,ZIM, 08/23/26,17:01, 08/23/26,17:01, 08/29/26,16:00, 08/29/26,16:00, 08/29/26,16:00,,,,,,,,,,,,,,,,,,,,,,,,,,,,,,,,,
Vessel To Come,GCT,DRAGON,MSC TEXAS,9318058,MSC,INBOUND,COET,631,FD631, 09/01/26,07:00,,, 09/02/26,00:00,,,,B, C, 08/24/26,17:01, 08/24/26,17:01, 08/29/26,16:00, 08/29/26,16:00, 08/29/26,16:00,,,No,,MSC, 08/24/26,17:01, 08/24/26,17:01, 08/29/26,16:00, 08/29/26,16:00, 08/29/26,16:00,,,,,,,,,,,,,,,,,,,,,,,,,,,,,,,,,,,,,,,,,,,,
Vessel To Come,GCT,GTP16US4,BASLE EXPRESS,9501344,HAPAG LLOYD,INBOUND,HLAS,627E,634W, 09/01/26,07:00,,, 09/02/26,06:00,,,,B, C, 08/24/26,17:01, 08/24/26,17:01, 08/29/26,16:00, 08/29/26,16:00, 08/29/26,16:00,,,No,,HAPAG LLOYD, 08/24/26,17:01, 08/24/26,17:01, 08/29/26,16:00, 08/29/26,16:00, 08/29/26,16:00,MAERSK LINE LIMITED, 08/24/26,17:01, 08/24/26,17:01, 08/29/26,16:00, 08/29/26,16:00, 08/29/26,16:00,MAERSK, 08/24/26,17:01, 08/24/26,17:01, 08/29/26,16:00, 08/29/26,16:00, 08/29/26,16:00,,,,,,,,,,,,,,,,,,,,,,
Vessel To Come,GCT,RTWSB,CMA CGM LOUGA,9745550,CMA CGM,INBOUND,CMOG,RPMSS,RPMSS, 09/01/26,07:00,,, 09/02/26,00:00,,,,A, B, C, 08/24/26,17:01, 08/24/26,17:01, 08/29/26,16:00, 08/29/26,16:00, 08/29/26,16:00,,,No,,CMA CGM, 08/24/26,17:01, 08/25/26,17:01, 08/29/26,16:00, 08/29/26,16:00, 08/29/26,16:00,,,,,,,,,,,,,,,,,,,,,,,,,,,,,,,,,,,,,,,,,,,,
Vessel To Come,GCT,OAAWE4,EVER FOCUS,9850537,EVERGREEN SHIPPING AGENCY,INBOUND,EVFO,029E,029W, 09/01/26,07:00,,, 09/02/26,18:00,,,,B, C, 08/24/26,17:01, 08/24/26,17:01, 08/29/26,16:00, 08/29/26,16:00, 08/29/26,16:00,,,No,,CMA CGM, 08/24/26,17:01, 08/24/26,17:01, 08/29/26,16:00, 08/29/26,16:00, 08/29/26,16:00,COSCO, 08/24/26,17:01, 08/24/26,17:01, 08/29/26,16:00, 08/29/26,16:00, 08/29/26,16:00,EVERGREEN SHIPPING AGENCY, 08/24/26,17:01, 08/24/26,17:01, 08/29/26,16:00, 08/29/26,16:00, 08/29/26,16:00,,,,,,,,,,,,,,,,,,,,,,
Vessel To Come,GCT,TA1AL6,OOCL SEOUL,9417244,COSCO,INBOUND,OLSE,121W,121E, 09/01/26,13:00,,, 09/02/26,06:00,,,,A, B, C, 08/24/26,17:01, 08/24/26,17:01, 08/29/26,16:00, 08/29/26,16:00, 08/29/26,16:00,,,No,,CMA CGM, 08/24/26,17:01, 08/24/26,17:01, 08/29/26,16:00, 08/29/26,16:00, 08/29/26,16:00,COSCO, 08/24/26,17:01, 08/24/26,17:01, 08/29/26,16:00, 08/29/26,16:00, 08/29/26,16:00,YANG MING, 08/24/26,17:01, 08/24/26,17:01, 08/29/26,16:00, 08/29/26,16:00, 08/29/26,16:00,,,,,,,,,,,,,,,,,,,,,,
Vessel To Come,GCT,MUSWASA,MSC LISA,9281279,MSC,INBOUND,MSLI,632R,UF636, 09/02/26,07:00,,, 09/03/26,00:00,,,,B, C, 08/25/26,17:01, 08/25/26,17:01, 08/31/26,16:00, 08/31/26,16:00, 08/31/26,16:00,,,No,,,,,,,,,,,,,,,,,,,,,,,,,,,,,,,,,,,,,,,,,,,,,,,,,,,,,,,,
Vessel To Come,GCT,PEC2,YM WORTH,9704635,YANG MING,INBOUND,YMRT,052E,052W, 09/02/26,07:00,,, 09/04/26,00:00,,,,C, 08/25/26,17:01, 08/25/26,17:01, 08/31/26,16:00, 08/31/26,16:00, 08/31/26,16:00,,,No,,HMM AMERICA SHIPPING AGENCY, INC, 08/25/26,17:01, 08/26/26,17:01, 08/31/26,16:00, 08/31/26,16:00, 08/31/26,16:00,YANG MING, 08/25/26,17:01, 08/25/26,17:01, 08/31/26,16:00, 08/31/26,16:00, 08/31/26,16:00,,,,,,,,,,,,,,,,,,,,,,,,,,,,,,,,,
Vessel To Come,GCT,SMJS,SEABOARD GEMINI,9969625,SEABOARD MARINE LTD,INBOUND,SMGM,00061,00062, 09/02/26,07:00,,, 09/02/26,17:00,,,,A, B, C, 08/25/26,17:01, 08/25/26,17:01, 09/01/26,16:45, 09/01/26,17:00, 09/01/26,17:00,,,No,,SEABOARD MARINE LTD, 08/25/26,17:01, 08/26/26,17:01, 09/01/26,16:45, 09/01/26,17:00, 09/01/26,17:00,,,,,,,,,,,,,,,,,,,,,,,,,,,,,,,,,,,,,,,,,,,,
Vessel To Come,GCT,GTEX,ALTAMIRA EXPRESS,9407146,HAPAG LLOYD,INBOUND,MOEI,631W,635E, 09/02/26,13:00,,, 09/03/26,06:00,,,,A, B, C, 08/25/26,17:01, 08/25/26,17:01, 08/31/26,16:00, 08/31/26,16:00, 08/31/26,16:00,,,No,,HAPAG LLOYD, 08/25/26,17:01, 08/25/26,17:01, 08/31/26,16:00, 08/31/26,16:00, 08/31/26,16:00,MAERSK, 08/25/26,17:01, 08/25/26,17:01, 08/31/26,16:00, 08/31/26,16:00, 08/31/26,16:00,ZIM, 08/25/26,17:01, 08/25/26,17:01, 08/31/26,16:00, 08/31/26,16:00, 08/31/26,16:00,,,,,,,,,,,,,,,,,,,,,,
Vessel To Come,GCT,MEAGLE,MSC MARITINA V,9294408,MSC,INBOUND,MSRV,630A,FE635, 09/02/26,19:00,,, 09/03/26,06:00,,,,A, B, C, 08/25/26,17:01, 08/25/26,17:01, 08/31/26,16:00, 08/31/26,16:00, 08/31/26,16:00,,,No,,MSC, 08/25/26,17:01, 08/25/26,17:01, 08/31/26,16:00, 08/31/26,16:00, 08/31/26,16:00,,,,,,,,,,,,,,,,,,,,,,,,,,,,,,,,,,,,,,,,,,,,
Vessel To Come,GCT,INDAMEX,TORRENTE,9447914,HAPAG LLOYD,INBOUND,HLTO,6129,6229, 09/03/26,07:00,,, 09/04/26,06:00,,,,B, C, 08/26/26,17:01, 08/26/26,17:01, 09/01/26,16:00, 09/01/26,16:00, 09/01/26,16:00,,,No,,HAPAG LLOYD, 08/26/26,17:01, 08/26/26,17:01, 09/01/26,16:00, 09/01/26,16:00, 09/01/26,16:00,,,,,,,,,,,,,,,,,,,,,,,,,,,,,,,,,,,,,,,,,,,,
Vessel To Come,GCT,OAONEAT1,APL HOUSTON,9597537,CMA CGM,INBOUND,CMAH,LBMZW,LBN0E, 09/03/26,07:00,,, 09/04/26,06:00,,,,B, C, 08/26/26,17:01, 08/26/26,17:01, 09/01/26,16:00, 09/01/26,16:00, 09/01/26,16:00,,,No,,CMA CGM, 08/26/26,17:01, 08/26/26,17:01, 09/01/26,16:00, 09/01/26,16:00, 09/01/26,16:00,COSCO, 08/26/26,17:01, 08/26/26,17:01, 09/01/26,16:00, 09/01/26,16:00, 09/01/26,16:00,EVERGREEN SHIPPING AGENCY, 08/26/26,17:01, 08/26/26,17:01, 09/01/26,16:00, 09/01/26,16:00, 09/01/26,16:00,YANG MING, 08/26/26,17:01, 08/26/26,17:01, 09/01/26,16:00, 09/01/26,16:00, 09/01/26,16:00,,,,,,,,,,,
Vessel To Come,GCT,CBX,CMA CGM T. JEFFERSON,9780861,CMA CGM,INBOUND,CMTJ,XRBJE,XRBKW, 09/03/26,07:00,,, 09/04/26,18:00,,,,C, 08/26/26,17:01, 08/26/26,17:01, 09/01/26,16:00, 09/01/26,16:00, 09/01/26,16:00,,,No,,CMA CGM, 08/26/26,17:01, 08/26/26,17:01, 09/01/26,16:00, 09/01/26,16:00, 09/01/26,16:00,COSCO, 08/26/26,17:01, 08/26/26,17:01, 09/01/26,16:00, 09/01/26,16:00, 09/01/26,16:00,EVERGREEN SHIPPING AGENCY, 08/26/26,17:01, 08/26/26,17:01, 09/01/26,16:00, 09/01/26,16:00, 09/01/26,16:00,,,,,,,,,,,,,,,,,,,,,,
Vessel To Come,GCT,GTA12AL6,MARATHOPOLIS,9477804,MAERSK,INBOUND,MKOP,632W,635E, 09/03/26,13:00,,, 09/04/26,06:00,,,,A, B, C, 08/26/26,17:01, 08/26/26,17:01, 09/01/26,16:00, 09/01/26,16:00, 09/01/26,16:00,,,No,,HAPAG LLOYD, 08/26/26,17:01, 08/26/26,17:01, 09/01/26,16:00, 09/01/26,16:00, 09/01/26,16:00,MAERSK, 08/26/26,17:01, 08/26/26,17:01, 09/01/26,16:00, 09/01/26,16:00, 09/01/26,16:00,,,,,,,,,,,,,,,,,,,,,,,,,,,,,,,,,
Vessel To Come,GCT,MMXGULF,MSC LYON,9975569,MSC,INBOUND,MSYN,630A,NH634, 09/03/26,13:00,,, 09/04/26,06:00,,,,A, B, C, 08/26/26,17:01, 08/26/26,17:01, 09/01/26,16:00, 09/01/26,16:00, 09/01/26,16:00,,,No,,MSC, 08/26/26,17:01, 08/26/26,17:01, 09/01/26,16:00, 09/01/26,16:00, 09/01/26,16:00,,,,,,,,,,,,,,,,,,,,,,,,,,,,,,,,,,,,,,,,,,,,
Vessel To Come,GCT,AA7,TUBUL,9447873,HAPAG LLOYD,INBOUND,HATB,2510E,2510W, 09/03/26,19:00,,, 09/04/26,18:00,,,,B, C, 08/26/26,17:01, 08/26/26,17:01, 09/01/26,16:00, 09/01/26,16:00, 09/01/26,16:00,,,No,,HAPAG LLOYD, 08/26/26,17:01, 08/26/26,17:01, 09/01/26,16:00, 09/01/26,16:00, 09/01/26,16:00,,,,,,,,,,,,,,,,,,,,,,,,,,,,,,,,,,,,,,,,,,,,
Vessel To Come,GCT,OALP1,OOCL KOREA,9627992,COSCO,INBOUND,OLKR,058E,058W, 09/04/26,07:00,,, 09/05/26,18:00,,,,C, 08/27/26,17:01, 08/27/26,17:01, 09/02/26,16:00, 09/02/26,16:00, 09/02/26,16:00,,,No,,CMA CGM, 08/27/26,17:01, 08/27/26,17:01, 09/02/26,16:00, 09/02/26,16:00, 09/02/26,16:00,COSCO, 08/27/26,17:01, 08/27/26,17:01, 09/02/26,16:00, 09/02/26,16:00, 09/02/26,16:00,EVERGREEN SHIPPING AGENCY, 08/27/26,17:01, 08/27/26,17:01, 09/02/26,16:00, 09/02/26,16:00, 09/02/26,16:00,,,,,,,,,,,,,,,,,,,,,,
Vessel To Come,GCT,MMEDGULF,MSC TIANSHAN,9305477,MSC,INBOUND,MCTI,G632,MG632, 09/04/26,13:00,,, 09/05/26,06:00,,,,B, C, 08/27/26,17:01, 08/27/26,17:01, 09/02/26,16:00, 09/02/26,16:00, 09/02/26,16:00,,,No,,MSC, 08/27/26,17:01, 08/27/26,17:01, 09/02/26,16:00, 09/02/26,16:00, 09/02/26,16:00,,,,,,,,,,,,,,,,,,,,,,,,,,,,,,,,,,,,,,,,,,,,
Vessel To Come,GCT,TURKON,MUKADDES KALKAVAN,9365829,TURKON LINE,INBOUND,TUMK,USCVW,USCWE, 09/04/26,13:00,,, 09/05/26,06:00,,,,A, B, C, 08/27/26,17:01, 08/27/26,17:01, 09/02/26,16:00, 09/02/26,16:00, 09/02/26,16:00,,,No,,ARKAS CONTAINER TRANSPORT S.A., 08/27/26,17:01, 08/27/26,17:01, 09/02/26,16:00, 09/02/26,16:00, 09/02/26,16:00,TURKON LINE, 08/27/26,17:01, 08/27/26,17:01, 09/02/26,16:00, 09/02/26,16:00, 09/02/26,16:00,,,,,,,,,,,,,,,,,,,,,,,,,,,,,,,,,
Vessel To Come,GCT,NAE ACX,POLAR BRASIL,9797216,SEALAND,INBOUND,SLPB,634N,636S, 09/04/26,13:00,,, 09/05/26,06:00,,,,A, B, C, 08/27/26,17:01, 08/27/26,17:01, 09/03/26,16:00, 09/03/26,16:00, 09/03/26,16:00,,,No,,HAPAG LLOYD, 08/27/26,17:01, 08/27/26,17:01, 09/03/26,16:00, 09/03/26,16:00, 09/03/26,16:00,MAERSK, 08/27/26,17:01, 08/27/26,17:01, 09/03/26,16:00, 09/03/26,16:00, 09/03/26,16:00,,,,,,,,,,,,,,,,,,,,,,,,,,,,,,,,,
Vessel To Come,GCT,OAAUE,EVER MODEL,9935430,EVERGREEN SHIPPING AGENCY,INBOUND,EVML,004E,004W, 09/04/26,13:00,,, 09/06/26,00:00,,,,B, C, 08/27/26,17:01, 08/27/26,17:01, 09/02/26,16:00, 09/02/26,16:00, 09/02/26,16:00,,,No,,CMA CGM, 08/27/26,17:01, 08/27/26,17:01, 09/02/26,16:00, 09/02/26,16:00, 09/02/26,16:00,COSCO, 08/27/26,17:01, 08/27/26,17:01, 09/02/26,16:00, 09/02/26,16:00, 09/02/26,16:00,EVERGREEN SHIPPING AGENCY, 08/27/26,17:01, 08/27/26,17:01, 09/02/26,16:00, 09/02/26,16:00, 09/02/26,16:00,,,,,,,,,,,,,,,,,,,,,,
Vessel To Come,GCT,PEC1,YM TRUST,9789972,YANG MING,INBOUND,YMTT,105E,105W, 09/05/26,07:00,,, 09/06/26,18:00,,,,B, C, 08/28/26,17:01, 08/28/26,17:01, 09/03/26,16:00, 09/03/26,16:00, 09/03/26,16:00,,,No,,HMM AMERICA SHIPPING AGENCY, INC, 08/28/26,17:01, 08/29/26,17:01, 09/03/26,16:00, 09/03/26,16:00, 09/03/26,16:00,YANG MING, 08/28/26,17:01, 08/28/26,17:01, 09/03/26,16:00, 09/03/26,16:00, 09/03/26,16:00,,,,,,,,,,,,,,,,,,,,,,,,,,,,,,,,,
Vessel To Come,GCT,OALP2,OOCL LAVENDER,9949807,OOCL-ORIENT OVERSEAS CONTAINER LINE LTD.,INBOUND,OCLV,003E,003W, 09/05/26,07:00,,, 09/06/26,18:00,,,,C, 08/28/26,17:01, 08/28/26,17:01, 09/03/26,16:00, 09/03/26,16:00, 09/03/26,16:00,,,No,,CMA CGM, 08/28/26,17:01, 08/28/26,17:01, 09/03/26,16:00, 09/03/26,16:00, 09/03/26,16:00,COSCO, 08/28/26,17:01, 08/28/26,17:01, 09/03/26,16:00, 09/03/26,16:00, 09/03/26,16:00,EVERGREEN SHIPPING AGENCY, 08/28/26,17:01, 08/28/26,17:01, 09/03/26,16:00, 09/03/26,16:00, 09/03/26,16:00,,,,,,,,,,,,,,,,,,,,,,
Vessel To Come,GCT,INDUS2,MSC RACHELE,9290282,MSC,INBOUND,MSRC,630A,IV636, 09/05/26,13:00,,, 09/06/26,06:00,,,,A, B, C, 08/28/26,17:01, 08/28/26,17:01, 09/03/26,16:00, 09/03/26,16:00, 09/03/26,16:00,,,No,,MSC, 08/28/26,17:01, 08/28/26,17:01, 09/03/26,16:00, 09/03/26,16:00, 09/03/26,16:00,,,,,,,,,,,,,,,,,,,,,,,,,,,,,,,,,,,,,,,,,,,,
Vessel To Come,GCT,MECL,MAERSK PITTSBURGH,9342176,MAERSK,INBOUND,MAPT,634W,639E, 09/05/26,13:00,,, 09/06/26,06:00,,,,B, C, 08/28/26,17:01, 08/28/26,17:01, 09/03/26,16:00, 09/03/26,16:00, 09/03/26,16:00,,,No,,APL (APL LIMITED), 08/28/26,17:01, 08/28/26,17:01, 09/03/26,16:00, 09/03/26,16:00, 09/03/26,16:00,MAERSK LINE LIMITED, 08/28/26,17:01, 08/28/26,17:01, 09/03/26,16:00, 09/03/26,16:00, 09/03/26,16:00,MAERSK, 08/28/26,17:01, 08/28/26,17:01, 09/03/26,16:00, 09/03/26,16:00, 09/03/26,16:00,,,,,,,,,,,,,,,,,,,,,,
Vessel To Come,GCT,EMUSA,MSC COTE DIVOIRE,9974474,MSC,INBOUND,MSIV,630A,MZ635, 09/05/26,13:00,,, 09/06/26,06:00,,,,A, B, C, 08/28/26,17:01, 08/28/26,17:01, 09/03/26,16:00, 09/03/26,16:00, 09/03/26,16:00,,,No,,MSC, 08/28/26,17:01, 08/28/26,17:01, 09/03/26,16:00, 09/03/26,16:00, 09/03/26,16:00,,,,,,,,,,,,,,,,,,,,,,,,,,,,,,,,,,,,,,,,,,,,
Vessel To Come,GCT,OAONEAT1,CMA CGM PHOENIX,9597501,CMA CGM,INBOUND,CCAP,LBMTW,LBMUE, 09/06/26,07:00,,, 09/08/26,18:00,,,,B, C, 08/29/26,17:01, 08/29/26,17:01, 09/04/26,16:00, 09/04/26,16:00, 09/04/26,16:00,,,No,,APL (APL LIMITED), 08/29/26,17:01, 08/29/26,17:01, 09/04/26,16:00, 09/04/26,16:00, 09/04/26,16:00,CMA CGM, 08/29/26,17:01, 08/29/26,17:01, 09/04/26,16:00, 09/04/26,16:00, 09/04/26,16:00,COSCO, 08/29/26,17:01, 08/29/26,17:01, 09/04/26,16:00, 09/04/26,16:00, 09/04/26,16:00,EVERGREEN SHIPPING AGENCY, 08/29/26,17:01, 08/29/26,17:01, 09/04/26,16:00, 09/04/26,16:00, 09/04/26,16:00,YANG MING, 08/29/26,17:01, 08/29/26,17:01, 09/04/26,16:00, 09/04/26,16:00, 09/04/26,16:00
Vessel To Come,GCT,PEC3,ONE MADRID,9805453,ONE - OCEAN NETWORK EXPRESS,INBOUND,ONAR,030E,030W, 09/06/26,07:00,,, 09/09/26,00:00,,,,C, 08/29/26,17:01, 08/29/26,17:01, 09/04/26,16:00, 09/04/26,16:00, 09/04/26,16:00,,,No,,HMM AMERICA SHIPPING AGENCY, INC, 08/29/26,17:01, 08/30/26,17:01, 09/04/26,16:00, 09/04/26,16:00, 09/04/26,16:00,YANG MING, 08/29/26,17:01, 08/29/26,17:01, 09/04/26,16:00, 09/04/26,16:00, 09/04/26,16:00,,,,,,,,,,,,,,,,,,,,,,,,,,,,,,,,,
Vessel To Come,GCT,INDAMEX,SEATTLE EXPRESS,9348687,HAPAG LLOYD,INBOUND,MKCH,6130,6230, 09/06/26,13:00,,, 09/07/26,00:00,,,,B, C, 08/29/26,17:01, 08/29/26,17:01, 09/04/26,16:00, 09/04/26,16:00, 09/04/26,16:00,,,No,,HAPAG LLOYD, 08/29/26,17:01, 08/29/26,17:01, 09/04/26,16:00, 09/04/26,16:00, 09/04/26,16:00,,,,,,,,,,,,,,,,,,,,,,,,,,,,,,,,,,,,,,,,,,,,
Vessel To Come,GCT,MECU,MSC NIGERIA,9974541,MSC,INBOUND,MCGE,629R,NN634, 09/06/26,13:00,,, 09/07/26,00:00,,,,A, B, C, 08/29/26,17:01, 08/29/26,17:01, 09/04/26,16:00, 09/04/26,16:00, 09/04/26,16:00,,,No,,MSC, 08/29/26,17:01, 08/29/26,17:01, 09/04/26,16:00, 09/04/26,16:00, 09/04/26,16:00,,,,,,,,,,,,,,,,,,,,,,,,,,,,,,,,,,,,,,,,,,,,
Vessel To Come,GCT,GTA2AL3,AL MANAMAH,9349538,HAPAG LLOYD,INBOUND,UAMM,633W,636E, 09/08/26,07:00,,, 09/09/26,06:00,,,,A, B, C, 08/31/26,17:01, 08/31/26,17:01, 09/05/26,16:00, 09/05/26,16:00, 09/05/26,16:00,,,No,,HAPAG LLOYD, 08/31/26,17:01, 08/31/26,17:01, 09/05/26,16:00, 09/05/26,16:00, 09/05/26,16:00,MAERSK, 08/31/26,17:01, 08/31/26,17:01, 09/05/26,16:00, 09/05/26,16:00, 09/05/26,16:00,,,,,,,,,,,,,,,,,,,,,,,,,,,,,,,,,
Vessel To Come,GCT,MUSWASA,MSC NURIA,9349825,MSC,INBOUND,MSNU,631R,UF635, 09/08/26,07:00,,, 09/09/26,00:00,,,,A, B, C, 08/31/26,17:01, 08/31/26,17:01, 09/05/26,16:00, 09/05/26,16:00, 09/05/26,16:00,,,No,,MSC, 08/31/26,17:01, 08/31/26,17:01, 09/05/26,16:00, 09/05/26,16:00, 09/05/26,16:00,,,,,,,,,,,,,,,,,,,,,,,,,,,,,,,,,,,,,,,,,,,,
Vessel To Come,GCT,WIN,SAN FRANCISCO BRIDGE,9560364,ONE - OCEAN NETWORK EXPRESS,INBOUND,ONSF,0086E,0086W, 09/08/26,07:00,,, 09/09/26,06:00,,,,B, C, 08/31/26,17:01, 08/31/26,17:01, 09/05/26,16:00, 09/05/26,16:00, 09/05/26,16:00,,,No,,COSCO, 08/31/26,17:01, 08/31/26,17:01, 09/05/26,16:00, 09/05/26,16:00, 09/05/26,16:00,HMM AMERICA SHIPPING AGENCY, INC, 08/31/26,17:01, 09/01/26,17:01, 09/05/26,16:00, 09/05/26,16:00, 09/05/26,16:00,,,,,,,,,,,,,,,,,,,,,,,,,,,,,,,,,
Vessel To Come,GCT,GTP16US4,LUDWIGSHAFEN EXPRESS,9613018,HAPAG LLOYD,INBOUND,HLLW,628E,635W, 09/08/26,07:00,,, 09/09/26,18:00,,,,B, C, 08/31/26,17:01, 08/31/26,17:01, 09/05/26,16:00, 09/05/26,16:00, 09/05/26,16:00,,,No,,HAPAG LLOYD, 08/31/26,17:01, 08/31/26,17:01, 09/05/26,16:00, 09/05/26,16:00, 09/05/26,16:00,MAERSK, 08/31/26,17:01, 08/31/26,17:01, 09/05/26,16:00, 09/05/26,16:00, 09/05/26,16:00,,,,,,,,,,,,,,,,,,,,,,,,,,,,,,,,,
Vessel To Come,GCT,MEMERALD,ZIM MOUNT KILIMANJARO,9932490,ZIM,INBOUND,ZMTK,12W,12W, 09/08/26,07:00,,, 09/09/26,18:00,,,,C, 08/31/26,17:01, 08/31/26,17:01, 09/05/26,16:00, 09/05/26,16:00, 09/05/26,16:00,,,No,,MSC, 08/31/26,17:01, 08/31/26,17:01, 09/05/26,16:00, 09/05/26,16:00, 09/05/26,16:00,ZIM, 08/31/26,17:01, 08/31/26,17:01, 09/05/26,16:00, 09/05/26,16:00, 09/05/26,16:00,,,,,,,,,,,,,,,,,,,,,,,,,,,,,,,,,
Vessel To Come,GCT,DRAGON,CONTI CHIVALRY,9293791,MSC,INBOUND,MCCV,632,FD632, 09/09/26,07:00,,, 09/10/26,00:00,,,,B, C, 09/01/26,17:01, 09/01/26,17:01, 09/07/26,16:00, 09/07/26,16:00, 09/07/26,16:00,,,No,,MSC, 09/01/26,17:01, 09/01/26,17:01, 09/07/26,16:00, 09/07/26,16:00, 09/07/26,16:00,,,,,,,,,,,,,,,,,,,,,,,,,,,,,,,,,,,,,,,,,,,,
Vessel To Come,GCT,OALP1,COSCO SHIPPING AZALEA,9785756,COSCO,INBOUND,COAZ,036E,036W, 09/09/26,07:00,,, 09/10/26,18:00,,,,C, 09/01/26,17:01, 09/01/26,17:01, 09/07/26,16:00, 09/07/26,16:00, 09/07/26,16:00,,,No,,CMA CGM, 09/01/26,17:01, 09/01/26,17:01, 09/07/26,16:00, 09/07/26,16:00, 09/07/26,16:00,COSCO, 09/01/26,17:01, 09/01/26,17:01, 09/07/26,16:00, 09/07/26,16:00, 09/07/26,16:00,EVERGREEN SHIPPING AGENCY, 09/01/26,17:01, 09/01/26,17:01, 09/07/26,16:00, 09/07/26,16:00, 09/07/26,16:00,,,,,,,,,,,,,,,,,,,,,,
Vessel To Come,GCT,SMJS,SEABOARD GLOBE,9970947,SEABOARD MARINE LTD,INBOUND,SMGL,00086,00087, 09/09/26,08:00,,, 09/09/26,18:00,,,,A, B, C, 09/01/26,17:01, 09/01/26,17:01, 09/08/26,16:45, 09/08/26,17:00, 09/08/26,17:00,,,No,,SEABOARD MARINE LTD, 09/01/26,17:01, 09/02/26,17:01, 09/08/26,16:45, 09/08/26,17:00, 09/08/26,17:00,,,,,,,,,,,,,,,,,,,,,,,,,,,,,,,,,,,,,,,,,,,,
Vessel To Come,GCT,MMEDGULF,MSC JASPER VIII,9466960,MSC,INBOUND,ZNJP,633,MG633, 09/09/26,13:00,,, 09/10/26,06:00,,,,B, C, 09/01/26,17:01, 09/01/26,17:01, 09/07/26,16:00, 09/07/26,16:00, 09/07/26,16:00,,,No,,,,,,,,,,,,,,,,,,,,,,,,,,,,,,,,,,,,,,,,,,,,,,,,,,,,,,,,
Vessel To Come,GCT,RTWSB,MARIUS,9802504,MARFRET USA INC,INBOUND,CCNP,6439,6439, 09/09/26,13:00,,, 09/10/26,06:00,,,,A, B, C, 09/01/26,17:01, 09/01/26,17:01, 09/07/26,16:00, 09/07/26,16:00, 09/07/26,16:00,,,No,,CMA CGM, 09/01/26,17:01, 09/02/26,17:01, 09/07/26,16:00, 09/07/26,16:00, 09/07/26,16:00,,,,,,,,,,,,,,,,,,,,,,,,,,,,,,,,,,,,,,,,,,,,
Vessel To Come,GCT,PHILLYEXP,MSC EMDEN III,9326823,MSC,INBOUND,MCHE,636,PH636, 09/09/26,19:00,,, 09/10/26,06:00,,,,A, B, C, 09/01/26,17:01, 09/01/26,17:01, 09/07/26,16:00, 09/07/26,16:00, 09/07/26,16:00,,,No,,MSC, 09/01/26,17:01, 09/01/26,17:01, 09/07/26,16:00, 09/07/26,16:00, 09/07/26,16:00,,,,,,,,,,,,,,,,,,,,,,,,,,,,,,,,,,,,,,,,,,,,
Vessel To Come,GCT,OALP1,SEASPAN HARMONY,9472177,COSCO,INBOUND,COHA,086E,086W, 09/10/26,07:00,,, 09/11/26,06:00,,,,C, 09/02/26,17:01, 09/02/26,17:01, 09/08/26,16:00, 09/08/26,16:00, 09/08/26,16:00,,,No,,CMA CGM, 09/02/26,17:01, 09/02/26,17:01, 09/08/26,16:00, 09/08/26,16:00, 09/08/26,16:00,COSCO, 09/02/26,17:01, 09/02/26,17:01, 09/08/26,16:00, 09/08/26,16:00, 09/08/26,16:00,EVERGREEN SHIPPING AGENCY, 09/02/26,17:01, 09/02/26,17:01, 09/08/26,16:00, 09/08/26,16:00, 09/08/26,16:00,,,,,,,,,,,,,,,,,,,,,,
Vessel To Come,GCT,GTP11US1,CCNI ARAUCO,9683843,MAERSK,INBOUND,MAUC,630E,636W, 09/10/26,07:00,,, 09/11/26,18:00,,,,B, C, 09/02/26,17:01, 09/02/26,17:01, 09/08/26,16:00, 09/08/26,16:00, 09/08/26,16:00,,,No,,HAPAG LLOYD, 09/02/26,17:01, 09/02/26,17:01, 09/08/26,16:00, 09/08/26,16:00, 09/08/26,16:00,MAERSK, 09/02/26,17:01, 09/02/26,17:01, 09/08/26,16:00, 09/08/26,16:00, 09/08/26,16:00,,,,,,,,,,,,,,,,,,,,,,,,,,,,,,,,,
Vessel To Come,GCT,GTEX,AMSTERDAM EXPRESS,9193317,HAPAG LLOYD,INBOUND,HLRX,632W,636E, 09/10/26,13:00,,, 09/11/26,06:00,,,,A, B, C, 09/02/26,17:01, 09/02/26,17:01, 09/08/26,16:00, 09/08/26,16:00, 09/08/26,16:00,,,No,,HAPAG LLOYD, 09/02/26,17:01, 09/02/26,17:01, 09/08/26,16:00, 09/08/26,16:00, 09/08/26,16:00,MAERSK, 09/02/26,17:01, 09/02/26,17:01, 09/08/26,16:00, 09/08/26,16:00, 09/08/26,16:00,ZIM, 09/02/26,17:01, 09/02/26,17:01, 09/08/26,16:00, 09/08/26,16:00, 09/08/26,16:00,,,,,,,,,,,,,,,,,,,,,,
Vessel To Come,GCT,GTA12AL6,MAERSK SEMBAWANG,9315226,MAERSK,INBOUND,MKBW,633W,636E, 09/10/26,13:00,,, 09/11/26,06:00,,,,A, B, C, 09/02/26,17:01, 09/02/26,17:01, 09/08/26,16:00, 09/08/26,16:00, 09/08/26,16:00,,,No,,HAPAG LLOYD, 09/02/26,17:01, 09/02/26,17:01, 09/08/26,16:00, 09/08/26,16:00, 09/08/26,16:00,MAERSK, 09/02/26,17:01, 09/02/26,17:01, 09/08/26,16:00, 09/08/26,16:00, 09/08/26,16:00,,,,,,,,,,,,,,,,,,,,,,,,,,,,,,,,,
Vessel To Come,GCT,EMA,CMA CGM LAPIS,9386495,CMA CGM,INBOUND,CCLA,UBA3W,UBA4E, 09/10/26,13:00,,, 09/11/26,06:00,,,,B, C, 09/02/26,17:01, 09/02/26,17:01, 09/08/26,16:00, 09/08/26,16:00, 09/08/26,16:00,,,No,,CMA CGM, 09/02/26,17:01, 09/02/26,17:01, 09/08/26,16:00, 09/08/26,16:00, 09/08/26,16:00,,,,,,,,,,,,,,,,,,,,,,,,,,,,,,,,,,,,,,,,,,,,
Vessel To Come,GCT,OAAUE,EVER MASS,9935234,EVERGREEN SHIPPING AGENCY,INBOUND,EVRM,009E,009W, 09/10/26,13:00,,, 09/12/26,00:00,,,,B, C, 09/02/26,17:01, 09/02/26,17:01, 09/08/26,16:00, 09/08/26,16:00, 09/08/26,16:00,,,No,,CMA CGM, 09/02/26,17:01, 09/02/26,17:01, 09/08/26,16:00, 09/08/26,16:00, 09/08/26,16:00,COSCO, 09/02/26,17:01, 09/02/26,17:01, 09/08/26,16:00, 09/08/26,16:00, 09/08/26,16:00,EVERGREEN SHIPPING AGENCY, 09/02/26,17:01, 09/02/26,17:01, 09/08/26,16:00, 09/08/26,16:00, 09/08/26,16:00,,,,,,,,,,,,,,,,,,,,,,
Vessel To Come,GCT,OAAWE4,TALOS,9728930,EVERGREEN SHIPPING AGENCY,INBOUND,EVTL,043E,043W, 09/11/26,07:00,,, 09/12/26,18:00,,,,C, 09/03/26,17:01, 09/03/26,17:01, 09/09/26,16:00, 09/09/26,16:00, 09/09/26,16:00,,,No,,CMA CGM, 09/03/26,17:01, 09/03/26,17:01, 09/09/26,16:00, 09/09/26,16:00, 09/09/26,16:00,COSCO, 09/03/26,17:01, 09/03/26,17:01, 09/09/26,16:00, 09/09/26,16:00, 09/09/26,16:00,EVERGREEN SHIPPING AGENCY, 09/03/26,17:01, 09/03/26,17:01, 09/09/26,16:00, 09/09/26,16:00, 09/09/26,16:00,,,,,,,,,,,,,,,,,,,,,,
Vessel To Come,GCT,ZCA,ZIM PACIFIC,9440837,ZIM,INBOUND,HSCH,361E,361E, 09/11/26,13:00,,, 09/12/26,06:00,,,,A, B, C, 09/03/26,17:01, 09/03/26,17:01, 09/09/26,16:00, 09/09/26,16:00, 09/09/26,16:00,,,No,,HAPAG LLOYD, 09/03/26,17:01, 09/03/26,17:01, 09/09/26,16:00, 09/09/26,16:00, 09/09/26,16:00,ZIM, 09/03/26,17:01, 09/03/26,17:01, 09/09/26,16:00, 09/09/26,16:00, 09/09/26,16:00,,,,,,,,,,,,,,,,,,,,,,,,,,,,,,,,,
Vessel To Come,GCT,INDAMEX2,APL OREGON,9532783,CMA CGM,INBOUND,APOR,INN9W,IDMST, 09/11/26,13:00,,, 09/12/26,18:00,,,,B, C, 09/03/26,17:01, 09/03/26,17:01, 09/09/26,16:00, 09/09/26,16:00, 09/09/26,16:00,,,No,,CMA CGM, 09/03/26,17:01, 09/03/26,17:01, 09/09/26,16:00, 09/09/26,16:00, 09/09/26,16:00,,,,,,,,,,,,,,,,,,,,,,,,,,,,,,,,,,,,,,,,,,,,
Vessel To Come,GCT,NAE ACX,POLAR COSTA RICA,9786786,SEALAND,INBOUND,SLPC,635N,637S, 09/11/26,13:00,,, 09/12/26,06:00,,,,A, B, C, 09/03/26,17:01, 09/03/26,17:01, 09/10/26,16:00, 09/10/26,16:00, 09/10/26,16:00,,,No,,HAPAG LLOYD, 09/03/26,17:01, 09/03/26,17:01, 09/10/26,16:00, 09/10/26,16:00, 09/10/26,16:00,MAERSK, 09/03/26,17:01, 09/03/26,17:01, 09/10/26,16:00, 09/10/26,16:00, 09/10/26,16:00,,,,,,,,,,,,,,,,,,,,,,,,,,,,,,,,,
Vessel To Come,GCT,OALP1,COSCO SHIPPING PEONY,9785744,COSCO,INBOUND,COPE,039E,039W, 09/11/26,19:00,,, 09/12/26,18:00,,,,C, 09/03/26,17:01, 09/03/26,17:01, 09/09/26,16:00, 09/09/26,16:00, 09/09/26,16:00,,,No,,CMA CGM, 09/03/26,17:01, 09/03/26,17:01, 09/09/26,16:00, 09/09/26,16:00, 09/09/26,16:00,COSCO, 09/03/26,17:01, 09/03/26,17:01, 09/09/26,16:00, 09/09/26,16:00, 09/09/26,16:00,,,,,,,,,,,,,,,,,,,,,,,,,,,,,,,,,
Vessel To Come,GCT,INDUS2,MSC FIE X,9120853,MSC,INBOUND,MASU,631A,IV637, 09/12/26,07:00,,, 09/13/26,00:00,,,,B, C, 09/04/26,17:01, 09/04/26,17:01, 09/10/26,16:00, 09/10/26,16:00, 09/10/26,16:00,,,No,,MSC, 09/04/26,17:01, 09/04/26,17:01, 09/10/26,16:00, 09/10/26,16:00, 09/10/26,16:00,,,,,,,,,,,,,,,,,,,,,,,,,,,,,,,,,,,,,,,,,,,,
Vessel To Come,GCT,OALP2,OOCL POLAND,9622588,OOCL-ORIENT OVERSEAS CONTAINER LINE LTD.,INBOUND,OLPO,060E,060W, 09/12/26,07:00,,, 09/13/26,18:00,,,,B, C, 09/04/26,17:01, 09/04/26,17:01, 09/10/26,16:00, 09/10/26,16:00, 09/10/26,16:00,,,No,,CMA CGM, 09/04/26,17:01, 09/04/26,17:01, 09/10/26,16:00, 09/10/26,16:00, 09/10/26,16:00,COSCO, 09/04/26,17:01, 09/04/26,17:01, 09/10/26,16:00, 09/10/26,16:00, 09/10/26,16:00,EVERGREEN SHIPPING AGENCY, 09/04/26,17:01, 09/04/26,17:01, 09/10/26,16:00, 09/10/26,16:00, 09/10/26,16:00,,,,,,,,,,,,,,,,,,,,,,
Vessel To Come,GCT,MECL,MAERSK CHICAGO,9332975,MAERSK,INBOUND,MACG,633W,638E, 09/12/26,13:00,,, 09/13/26,06:00,,,,A, B, C, 09/04/26,17:01, 09/04/26,17:01, 09/10/26,16:00, 09/10/26,16:00, 09/10/26,16:00,,,No,,MAERSK, 09/04/26,17:01, 09/04/26,17:01, 09/10/26,16:00, 09/10/26,16:00, 09/10/26,16:00,,,,,,,,,,,,,,,,,,,,,,,,,,,,,,,,,,,,,,,,,,,,
Vessel To Come,GCT,MMXGULF,MSC TEMA VIII,9983669,MSC,INBOUND,MSTV,631A,NH635, 09/12/26,13:00,,, 09/13/26,06:00,,,,A, B, C, 09/04/26,17:01, 09/04/26,17:01, 09/10/26,16:00, 09/10/26,16:00, 09/10/26,16:00,,,No,,MSC, 09/04/26,17:01, 09/04/26,17:01, 09/10/26,16:00, 09/10/26,16:00, 09/10/26,16:00,,,,,,,,,,,,,,,,,,,,,,,,,,,,,,,,,,,,,,,,,,,,
Vessel To Come,GCT,INDAMEX2,CMA CGM VERDI,9331165,CMA CGM,INBOUND,CMVD,INN7W,INN8E, 09/13/26,07:00,,, 09/14/26,18:00,,,,B, C, 09/05/26,17:01, 09/05/26,17:01, 09/11/26,16:00, 09/11/26,16:00, 09/11/26,16:00,,,No,,COSCO, 09/05/26,17:01, 09/05/26,17:01, 09/11/26,16:00, 09/11/26,16:00, 09/11/26,16:00,,,,,,,,,,,,,,,,,,,,,,,,,,,,,,,,,,,,,,,,,,,,
Vessel To Come,GCT,CBX,CMA CGM PANAMA,9839923,CMA CGM,INBOUND,CMPM,XRBLE,XRBMW, 09/13/26,07:00,,, 09/14/26,18:00,,,,B, C, 09/05/26,17:01, 09/05/26,17:01, 09/11/26,16:00, 09/11/26,16:00, 09/11/26,16:00,,,No,,CMA CGM, 09/05/26,17:01, 09/05/26,17:01, 09/11/26,16:00, 09/11/26,16:00, 09/11/26,16:00,COSCO, 09/05/26,17:01, 09/05/26,17:01, 09/11/26,16:00, 09/11/26,16:00, 09/11/26,16:00,EVERGREEN SHIPPING AGENCY, 09/05/26,17:01, 09/05/26,17:01, 09/11/26,16:00, 09/11/26,16:00, 09/11/26,16:00,,,,,,,,,,,,,,,,,,,,,,
Vessel To Come,GCT,MEMERALD,ZIM MOUNT ELBRUS,9932529,ZIM,INBOUND,ZMTE,11W,11W, 09/13/26,07:00,,, 09/14/26,18:00,,,,C, 09/05/26,17:01, 09/05/26,17:01, 09/11/26,16:00, 09/11/26,16:00, 09/11/26,16:00,,,No,,MSC, 09/05/26,17:01, 09/05/26,17:01, 09/11/26,16:00, 09/11/26,16:00, 09/11/26,16:00,ZIM, 09/05/26,17:01, 09/05/26,17:01, 09/11/26,16:00, 09/11/26,16:00, 09/11/26,16:00,,,,,,,,,,,,,,,,,,,,,,,,,,,,,,,,,
Vessel To Come,GCT,MSCESA1,MSC CAROLINA,9295397,MSC,INBOUND,MSCN,630R,UA634, 09/13/26,13:00,,, 09/14/26,06:00,,,,A, B, C, 09/05/26,17:01, 09/05/26,17:01, 09/11/26,16:00, 09/11/26,16:00, 09/11/26,16:00,,,No,,MSC, 09/05/26,17:01, 09/05/26,17:01, 09/11/26,16:00, 09/11/26,16:00, 09/11/26,16:00,,,,,,,,,,,,,,,,,,,,,,,,,,,,,,,,,,,,,,,,,,,,
Vessel To Come,GCT,TURKON,NEVZAT KALKAVAN,9365867,TURKON LINE,INBOUND,TUNK,USDDW,USDEE, 09/13/26,13:00,,, 09/14/26,06:00,,,,A, B, C, 09/05/26,17:01, 09/05/26,17:01, 09/11/26,16:00, 09/11/26,16:00, 09/11/26,16:00,,,No,,ARKAS CONTAINER TRANSPORT S.A., 09/05/26,17:01, 09/05/26,17:01, 09/11/26,16:00, 09/11/26,16:00, 09/11/26,16:00,TURKON LINE, 09/05/26,17:01, 09/05/26,17:01, 09/11/26,16:00, 09/11/26,16:00, 09/11/26,16:00,,,,,,,,,,,,,,,,,,,,,,,,,,,,,,,,,
Vessel To Come,GCT,PEC2,HMM VICTORY,9637258,HMM AMERICA SHIPPING AGENCY, INC,INBOUND,HMVI,060E,060W, 09/13/26,13:00,,, 09/15/26,00:00,,,,C, 09/05/26,17:01, 09/05/26,17:01, 09/11/26,16:00, 09/11/26,16:00, 09/11/26,16:00,,,No,,HMM AMERICA SHIPPING AGENCY, INC, 09/05/26,17:01, 09/06/26,17:01, 09/11/26,16:00, 09/11/26,16:00, 09/11/26,16:00,YANG MING, 09/05/26,17:01, 09/05/26,17:01, 09/11/26,16:00, 09/11/26,16:00, 09/11/26,16:00,,,,,,,,,,,,,,,,,,,,,,,,,,,,,,,,,
Vessel To Come,GCT,PEC1,HYUNDAI MARS,9725122,ONE - OCEAN NETWORK EXPRESS,INBOUND,MCRS,055E,055W, 09/14/26,07:00,,, 09/15/26,06:00,,,,B, C, 09/06/26,17:01, 09/06/26,17:01, 09/12/26,16:00, 09/12/26,16:00, 09/12/26,16:00,,,No,,HMM AMERICA SHIPPING AGENCY, INC, 09/06/26,17:01, 09/07/26,17:01, 09/12/26,16:00, 09/12/26,16:00, 09/12/26,16:00,YANG MING, 09/06/26,17:01, 09/06/26,17:01, 09/12/26,16:00, 09/12/26,16:00, 09/12/26,16:00,,,,,,,,,,,,,,,,,,,,,,,,,,,,,,,,,
Vessel To Come,GCT,EMUSA,MSC MATTINA,9315915,MSC,INBOUND,EVMA,632A,MZ637, 09/14/26,13:00,,, 09/15/26,06:00,,,,A, B, C, 09/06/26,17:01, 09/06/26,17:01, 09/12/26,16:00, 09/12/26,16:00, 09/12/26,16:00,,,No,,MSC, 09/06/26,17:01, 09/06/26,17:01, 09/12/26,16:00, 09/12/26,16:00, 09/12/26,16:00,,,,,,,,,,,,,,,,,,,,,,,,,,,,,,,,,,,,,,,,,,,,
Vessel To Come,GCT,GTA2AL3,AL SAFAT,9349497,HAPAG LLOYD,INBOUND,UASF,634W,637E, 09/14/26,13:00,,, 09/15/26,18:00,,,,A, B, C, 09/06/26,17:01, 09/06/26,17:01, 09/12/26,16:00, 09/12/26,16:00, 09/12/26,16:00,,,No,,HAPAG LLOYD, 09/06/26,17:01, 09/06/26,17:01, 09/12/26,16:00, 09/12/26,16:00, 09/12/26,16:00,MAERSK, 09/06/26,17:01, 09/06/26,17:01, 09/12/26,16:00, 09/12/26,16:00, 09/12/26,16:00,,,,,,,,,,,,,,,,,,,,,,,,,,,,,,,,,
Vessel To Come,GCT,INDAMEX,ESL MUNDRA,9200706,HAPAG LLOYD,INBOUND,ZPUS,6129,6231, 09/15/26,07:00,,, 09/16/26,06:00,,,,B, C, 09/07/26,17:01, 09/07/26,17:01, 09/12/26,16:00, 09/12/26,16:00, 09/12/26,16:00,,,No,,HAPAG LLOYD, 09/07/26,17:01, 09/07/26,17:01, 09/12/26,16:00, 09/12/26,16:00, 09/12/26,16:00,,,,,,,,,,,,,,,,,,,,,,,,,,,,,,,,,,,,,,,,,,,,
Vessel To Come,GCT,OAONEAT1,ONE HAMMERSMITH,9395147,ONE - OCEAN NETWORK EXPRESS,INBOUND,ONHM,091W,091E, 09/15/26,07:00,,, 09/16/26,18:00,,,,B, C, 09/07/26,17:01, 09/07/26,17:01, 09/12/26,16:00, 09/12/26,16:00, 09/12/26,16:00,,,No,,CMA CGM, 09/07/26,17:01, 09/07/26,17:01, 09/12/26,16:00, 09/12/26,16:00, 09/12/26,16:00,COSCO, 09/07/26,17:01, 09/07/26,17:01, 09/12/26,16:00, 09/12/26,16:00, 09/12/26,16:00,EVERGREEN SHIPPING AGENCY, 09/07/26,17:01, 09/07/26,17:01, 09/12/26,16:00, 09/12/26,16:00, 09/12/26,16:00,YANG MING, 09/07/26,17:01, 09/07/26,17:01, 09/12/26,16:00, 09/12/26,16:00, 09/12/26,16:00,,,,,,,,,,,
Vessel To Come,GCT,GTP16US4,ROME EXPRESS,9447861,HAPAG LLOYD,INBOUND,HLRM,629E,636W, 09/15/26,07:00,,, 09/16/26,18:00,,,,C, 09/07/26,17:01, 09/07/26,17:01, 09/12/26,16:00, 09/12/26,16:00, 09/12/26,16:00,,,No,,HAPAG LLOYD, 09/07/26,17:01, 09/07/26,17:01, 09/12/26,16:00, 09/12/26,16:00, 09/12/26,16:00,MAERSK, 09/07/26,17:01, 09/07/26,17:01, 09/12/26,16:00, 09/12/26,16:00, 09/12/26,16:00,,,,,,,,,,,,,,,,,,,,,,,,,,,,,,,,,
Vessel To Come,GCT,PEC3,ONE MONACO,9757204,ONE - OCEAN NETWORK EXPRESS,INBOUND,ONMO,031E,031W, 09/15/26,07:00,,, 09/16/26,18:00,,,,C, 09/07/26,17:01, 09/07/26,17:01, 09/12/26,16:00, 09/12/26,16:00, 09/12/26,16:00,,,No,,HMM AMERICA SHIPPING AGENCY, INC, 09/07/26,17:01, 09/08/26,17:01, 09/12/26,16:00, 09/12/26,16:00, 09/12/26,16:00,YANG MING, 09/07/26,17:01, 09/07/26,17:01, 09/12/26,16:00, 09/12/26,16:00, 09/12/26,16:00,,,,,,,,,,,,,,,,,,,,,,,,,,,,,,,,,
Vessel To Come,GCT,MZCP,ZIM SCORPIO,9963231,ZIM,INBOUND,ZSCP,10W,10W, 09/15/26,07:00,,, 09/16/26,18:00,,,,C, 09/07/26,17:01, 09/07/26,17:01, 09/12/26,16:00, 09/12/26,16:00, 09/12/26,16:00,,,No,,MSC, 09/07/26,17:01, 09/07/26,17:01, 09/12/26,16:00, 09/12/26,16:00, 09/12/26,16:00,ZIM, 09/07/26,17:01, 09/07/26,17:01, 09/12/26,16:00, 09/12/26,16:00, 09/12/26,16:00,,,,,,,,,,,,,,,,,,,,,,,,,,,,,,,,,
Vessel To Come,GCT,RTWSB,MARIANNE SCHULTE,9694438,CMA CGM,INBOUND,CMMJ,RPMWS,RPMWS, 09/15/26,13:00,,, 09/16/26,06:00,,,,A, B, C, 09/07/26,17:01, 09/07/26,17:01, 09/12/26,16:00, 09/12/26,16:00, 09/12/26,16:00,,,No,,CMA CGM, 09/07/26,17:01, 09/08/26,17:01, 09/12/26,16:00, 09/12/26,16:00, 09/12/26,16:00,,,,,,,,,,,,,,,,,,,,,,,,,,,,,,,,,,,,,,,,,,,,
Vessel To Come,GCT,PEC1,HYUNDAI SATURN,9725146,ONE - OCEAN NETWORK EXPRESS,INBOUND,HMSA,053E,053W, 09/15/26,19:00,,, 09/16/26,18:00,,,,B, C, 09/07/26,17:01, 09/07/26,17:01, 09/12/26,16:00, 09/12/26,16:00, 09/12/26,16:00,,,No,,HMM AMERICA SHIPPING AGENCY, INC, 09/07/26,17:01, 09/08/26,17:01, 09/12/26,16:00, 09/12/26,16:00, 09/12/26,16:00,YANG MING, 09/07/26,17:01, 09/07/26,17:01, 09/12/26,16:00, 09/12/26,16:00, 09/12/26,16:00,,,,,,,,,,,,,,,,,,,,,,,,,,,,,,,,,
Vessel To Come,GCT,SMJS,SEABOARD GEMINI,9969625,SEABOARD MARINE LTD,INBOUND,SMGM,00062,00063, 09/16/26,08:00,,, 09/16/26,18:00,,,,A, B, C, 09/08/26,17:01, 09/08/26,17:01, 09/15/26,16:45, 09/15/26,17:00, 09/15/26,17:00,,,No,,SEABOARD MARINE LTD, 09/08/26,17:01, 09/09/26,17:01, 09/15/26,16:45, 09/15/26,17:00, 09/15/26,17:00,,,,,,,,,,,,,,,,,,,,,,,,,,,,,,,,,,,,,,,,,,,,
Vessel To Come,GCT,MUSWASA,MSC ROSARIA,9320453,MSC,INBOUND,MCRO,633R,UF637, 09/16/26,13:00,,, 09/17/26,06:00,,,,A, B, C, 09/08/26,17:01, 09/08/26,17:01, 09/14/26,16:00, 09/14/26,16:00, 09/14/26,16:00,,,No,,MSC, 09/08/26,17:01, 09/08/26,17:01, 09/14/26,16:00, 09/14/26,16:00, 09/14/26,16:00,,,,,,,,,,,,,,,,,,,,,,,,,,,,,,,,,,,,,,,,,,,,
Vessel To Come,GCT,DRAGON,MSC LE HAVRE,9975583,MSC,INBOUND,MCHV,D633,FD633, 09/16/26,13:00,,, 09/17/26,06:00,,,,B, C, 09/08/26,17:01, 09/08/26,17:01, 09/14/26,16:00, 09/14/26,16:00, 09/14/26,16:00,,,No,,,,,,,,,,,,,,,,,,,,,,,,,,,,,,,,,,,,,,,,,,,,,,,,,,,,,,,,